screen_name	id_str	text	created_at
BestPickUpIines	390849332137964000	"""Girl, do you have a shovel in your back pocket?"" (No Why?) ""I'm diggin' that ass."""	Thu Oct 17 14:38:37 +0000 2013
FinePickUpLine	394257171095232000	"""I have a boyfriend."" “I have a math test.” ""What?"" “Sorry, I thought we were talking about things we can cheat on.”"	Sun Oct 27 00:20:09 +0000 2013
PickuplinesFail	404281729244205000	[Point at her ass] Pardon me, is this seat taken?	Sat Nov 23 16:14:10 +0000 2013
_BadPickUpLines	368935975113597000	"@burningorphan you at the bar: ""Hey baby, come home with me and I'll show you why they call me dirty Dan."""	Sun Aug 18 03:22:45 +0000 2013
FinePickUpLine	397518644919681000	Are we near the airport or is that just my heart taking off?	Tue Nov 05 00:20:05 +0000 2013
BestPickUpIines	401191681631863000	Are we near the airport or is that just my heart taking off?	Fri Nov 15 03:35:25 +0000 2013
FinePickUpLine	402546817818452000	Are you a 45 degree angle? Because you’re acute-y.	Mon Nov 18 21:20:14 +0000 2013
FinePickUpLine	393124704976142000	Are you a 45 degree angle? Because you’re acute-y.	Wed Oct 23 21:20:08 +0000 2013
BestPickUpIines	393036241333387000	Are you a 45 degree angle? You're acute-y.	Wed Oct 23 15:28:36 +0000 2013
FinePickUpLine	400372520291164000	Are you a 90 degree angle? ‘Cause you’re looking right!	Tue Nov 12 21:20:22 +0000 2013
_BadPickUpLines	355775234722374000	Are you a beaver? Cause damn.	Fri Jul 12 19:46:40 +0000 2013
BestPickUpIines	396471598393622000	Are you a bowling ball? I want to stick 3 fingers in you.	Sat Nov 02 02:59:29 +0000 2013
FinePickUpLine	400055376730927000	Are you a carbonated drink? Because you’re making me all bubbly on the inside.	Tue Nov 12 00:20:09 +0000 2013
FinePickUpLine	403029970764956000	Are you a drum set because I want to bang you.	Wed Nov 20 05:20:07 +0000 2013
BestPickUpIines	393793772682609000	Are you a drum set? I want to bang you.	Fri Oct 25 17:38:46 +0000 2013
_BadPickUpLines	372844911055634000	Are you a drum? I'd love to bang you.	Wed Aug 28 22:15:28 +0000 2013
_BadPickUpLines	391624283904291000	Are you a fossil? because I dig you.	Sat Oct 19 17:57:59 +0000 2013
FinePickUpLine	404841896868336000	Are you a keyboard? Cause you're just my type.	Mon Nov 25 05:20:04 +0000 2013
FinePickUpLine	395767100327080000	Are you a keyboard? Cause you're just my type.	Thu Oct 31 04:20:04 +0000 2013
BestPickUpIines	400436174231445000	Are you a keyboard? Cause you're just my type.	Wed Nov 13 01:33:18 +0000 2013
PickuplinesFail	404870621831918000	Are you a parking ticket? 'Cause you've got fine written all over you.	Mon Nov 25 07:14:13 +0000 2013
BestPickUpIines	391775287903814000	Are you a parking ticket? You have fine written all over you.	Sun Oct 20 03:58:02 +0000 2013
_BadPickUpLines	356328510001914000	Are you a pilot? I'd love to show you my cock pit.	Sun Jul 14 08:25:11 +0000 2013
_BadPickUpLines	402326003164676000	Are you a pinky toe? Because I want to bang you on all my furniture.	Mon Nov 18 06:42:48 +0000 2013
_BadPickUpLines	340654102717555000	Are you a red solo cup? I'd love to fill you up.	Sat Jun 01 02:20:41 +0000 2013
FinePickUpLine	393471992374231000	Are you a shark? Cause I've got some swimmers for you to swallow.	Thu Oct 24 20:20:07 +0000 2013
BestPickUpIines	392407284271579000	Are you a shark? I've got some swimmers for you to swallow.	Mon Oct 21 21:49:21 +0000 2013
BestPickUpIines	399333761742934000	Are you a shin? I'd bang you on my coffee table.	Sun Nov 10 00:32:42 +0000 2013
FinePickUpLine	405445886022406000	Are you a termite? Cause you're about to have a mouth full of wood.	Tue Nov 26 21:20:06 +0000 2013
BestPickUpIines	393510316665217000	Are you a termite? You're about to have a mouth full of wood.	Thu Oct 24 22:52:25 +0000 2013
_BadPickUpLines	402110078494736000	Are you a tower?  Eiffel for you.	Sun Nov 17 16:24:48 +0000 2013
PickuplinesFail	401020238499947000	Are you an interior decorator? When i saw you the room became beautiful.	Thu Nov 14 16:14:10 +0000 2013
BestPickUpIines	397528811744801000	Are you an interior decorator? When I saw you, the room became beautiful.	Tue Nov 05 01:00:29 +0000 2013
_BadPickUpLines	337588970584154000	Are you are parking ticket.... Because.... Actually screw that, just pay this parking ticket for me.	Thu May 23 15:20:57 +0000 2013
_BadPickUpLines	327940055798792000	Are you Asian? Cause I'm China get on you.	Sat Apr 27 00:19:36 +0000 2013
FinePickUpLine	400493243991089000	Are you Christmas? Because I wanna merry you!	Wed Nov 13 05:20:04 +0000 2013
PickuplinesFail	402832173566546000	Are you cold? You look like you could use some hot chocolate... Well, here I am!	Tue Nov 19 16:14:09 +0000 2013
BestPickUpIines	389223213496287000	Are you French? Because Eiffel for you.	Sun Oct 13 02:57:00 +0000 2013
BestPickUpIines	388541925688893000	Are you from Africa? Because African love you.	Fri Oct 11 05:49:48 +0000 2013
FinePickUpLine	393769213523136000	Are you from Africa? Cause I wanna know Kenya suck this dick?	Fri Oct 25 16:01:11 +0000 2013
FinePickUpLine	392837796937073000	Are you from Africa? Cause I wanna know Kenya suck this dick?	Wed Oct 23 02:20:04 +0000 2013
_BadPickUpLines	389999527614489000	Are you from Alaska? Cause I'll-aska-ya out.	Tue Oct 15 06:21:47 +0000 2013
FinePickUpLine	405083509859312000	Are you from China? Because I'm China get your number.	Mon Nov 25 21:20:09 +0000 2013
FinePickUpLine	403271545591972000	Are you from China? Because I'm China get your number.	Wed Nov 20 21:20:03 +0000 2013
FinePickUpLine	393879675002683000	Are you from China? Because I'm China get your number.	Fri Oct 25 23:20:07 +0000 2013
FinePickUpLine	405158992269574000	Are you from India? Cause I’m trying to get In-di-a pants.	Tue Nov 26 02:20:05 +0000 2013
FinePickUpLine	402622285552820000	Are you from India? Cause I’m trying to get In-di-a pants.	Tue Nov 19 02:20:07 +0000 2013
FinePickUpLine	393532379912217000	Are you from India? Cause I’m trying to get In-di-a pants.	Fri Oct 25 00:20:05 +0000 2013
FinePickUpLine	393487087720464000	Are you from India? Cause I’m trying to get In-di-a pants.Are you from the ghetto? Cause I'm about to ghetto hold of dat ass.	Thu Oct 24 21:20:07 +0000 2013
BestPickUpIines	392344660477104000	Are you from India? I’m trying to get In-di-a pants.	Mon Oct 21 17:40:31 +0000 2013
BestPickUpIines	405105782368502000	Are you from Ireland? my dick's-a-Dublin!	Mon Nov 25 22:48:39 +0000 2013
BestPickUpIines	396456866186011000	Are you from Ireland? My dick's-a-Dublin.	Sat Nov 02 02:00:57 +0000 2013
_BadPickUpLines	357045610567832000	Are you from Tennessee, because fuck you.	Tue Jul 16 07:54:41 +0000 2013
PickuplinesFail	400884338273026000	Are you from Tennessee? Because you're the only ten I see!	Thu Nov 14 07:14:08 +0000 2013
FinePickUpLine	405204293147722000	Are you from Tennessee? Cause take off your pants.	Tue Nov 26 05:20:06 +0000 2013
FinePickUpLine	393169993837605000	Are you from Tennessee? Cause take off your pants.	Thu Oct 24 00:20:05 +0000 2013
BestPickUpIines	388807538034352000	Are you from Tennessee? Cause take off your pants.	Fri Oct 11 23:25:15 +0000 2013
FinePickUpLine	393592815965708000	Are you from the ghetto? Cause I'm about to ghetto hold of dat ass.	Fri Oct 25 04:20:14 +0000 2013
FinePickUpLine	392822699317535000	Are you from the ghetto? Cause I'm about to ghetto hold of dat ass.	Wed Oct 23 01:20:04 +0000 2013
BestPickUpIines	388715589692576000	Are you from the ghetto? Cause I'm about to ghetto hold of dat ass.	Fri Oct 11 17:19:53 +0000 2013
_BadPickUpLines	332355688099631000	Are you from the the Middle East? Your body IS-REAL	Thu May 09 04:45:45 +0000 2013
PickuplinesFail	402786879537685000	Are you going to kiss me or do I have to lie to my diary?	Tue Nov 19 13:14:10 +0000 2013
BestPickUpIines	394207434635756000	Are you going to kiss me or do I have to lie to my diary?	Sat Oct 26 21:02:31 +0000 2013
_BadPickUpLines	333838892820226000	Are you in Al-Qaida? Because you are the bomb.	Mon May 13 06:59:29 +0000 2013
_BadPickUpLines	358327812425392000	Are you in the army? I'd love for you to salute my privates.	Fri Jul 19 20:49:42 +0000 2013
PickuplinesFail	401563819069432000	Are you lost ma'am? Because heaven is a long way from here.	Sat Nov 16 04:14:09 +0000 2013
FinePickUpLine	400810338314371000	Are you Michael Jackson? Because you make me wanna Beat It.	Thu Nov 14 02:20:06 +0000 2013
FinePickUpLine	393849474201964000	Are you my new boss? Cause you just gave me a raise.	Fri Oct 25 21:20:06 +0000 2013
FinePickUpLine	401580400444977000	Are you related to Yoda? Cause yodalicious.	Sat Nov 16 05:20:03 +0000 2013
FinePickUpLine	398119900394562000	Are you related to Yoda? Cause yodalicious.	Wed Nov 06 16:09:15 +0000 2013
BestPickUpIines	402142147367141000	Are you related to Yoda? Cause yodalicious.	Sun Nov 17 18:32:14 +0000 2013
PickuplinesFail	404961187148075000	Are you religious? Cause you are the answers to all my prayers.	Mon Nov 25 13:14:05 +0000 2013
BestPickUpIines	399765667781820000	Are you religious? you're the answer to all my prayers.	Mon Nov 11 05:08:57 +0000 2013
BestPickUpIines	392658707844436000	Are you religious? You're the answer to all my prayers.	Tue Oct 22 14:28:25 +0000 2013
FinePickUpLine	402259886652027000	Are you sitting on the F5 key? Cause your ass is refreshing.	Mon Nov 18 02:20:05 +0000 2013
FinePickUpLine	394272256349962000	Are you sitting on the F5 key? Cause your ass is refreshing.	Sun Oct 27 01:20:05 +0000 2013
FinePickUpLine	401172721683669000	Are you Snickers? ‘Cause you satisfy me.	Fri Nov 15 02:20:04 +0000 2013
FinePickUpLine	402909159156630000	Are you the dub to my step? cause I wanna wub you	Tue Nov 19 21:20:03 +0000 2013
FinePickUpLine	394966829602714000	Are you the dub to my step? cause’ I wub wub wub you	Mon Oct 28 23:20:04 +0000 2013
_BadPickUpLines	385152327700595000	Are you the government? Because I'd love to shut down your Oval Office.	Tue Oct 01 21:20:45 +0000 2013
FinePickUpLine	402984667605135000	Are you Vietnamese? Cause I'm falling pho you.	Wed Nov 20 02:20:06 +0000 2013
FinePickUpLine	394604434669711000	Are you Vietnamese? Cause I'm falling pho you.	Sun Oct 27 23:20:03 +0000 2013
FinePickUpLine	394494012071346000	Are your legs made of Nutella? Cause I'd like to spread them	Sun Oct 27 16:01:16 +0000 2013
_BadPickUpLines	373158692398432000	Ashes to ashes, dust to dust... Pussy isn't pizza, so I don't eat the crust.	Thu Aug 29 19:02:19 +0000 2013
PickuplinesFail	399797172264522000	Babe, your beauty makes the morning sun look like the dull glimmer of the moon.	Mon Nov 11 07:14:08 +0000 2013
BestPickUpIines	392106687819432000	Babe, your beauty makes the sun look like the dull glimmer of the moon.	Mon Oct 21 01:54:54 +0000 2013
FinePickUpLine	394317544892694000	Baby are you a tower? Cause Eiffel for you.	Sun Oct 27 04:20:03 +0000 2013
BestPickUpIines	389095666070602000	Baby that ass is like Wendy's... You know when its real.	Sat Oct 12 18:30:10 +0000 2013
FinePickUpLine	398922894966657000	Baby you're like a student and I am like a math book, you solve all my problems.	Fri Nov 08 21:20:04 +0000 2013
FinePickUpLine	400130856754631000	baby you’re as hot as the bottom of my laptop.	Tue Nov 12 05:20:04 +0000 2013
FinePickUpLine	396668233316843000	Baby, I didn’t see any stars in the sky tonight, the most heavenly body was sitting right next to me.	Sat Nov 02 16:00:51 +0000 2013
PickuplinesFail	404100528537625000	Baby, I'm no Fred Flintstone, but I can make your Bedrock!	Sat Nov 23 04:14:08 +0000 2013
BestPickUpIines	348976636605112000	Baby, I'm no Fred Flintstone, but I can make your Bedrock!	Mon Jun 24 01:31:28 +0000 2013
BestPickUpIines	398466666050646000	Baby, I'm no Fred Flintstone, but I can make your Bedrock.	Thu Nov 07 15:07:10 +0000 2013
PickuplinesFail	401110837215363000	Baby, if you were words on a page, you'd be what they call FINE PRINT!	Thu Nov 14 22:14:10 +0000 2013
BestPickUpIines	395201172271030000	Baby, things are much better down where it's wetter.	Tue Oct 29 14:51:16 +0000 2013
PickuplinesFail	405051821779354000	Baby, you are so fine I could put you on a plate and sop you up with a biscuit.	Mon Nov 25 19:14:14 +0000 2013
FinePickUpLine	398198127712555000	Baby, you're as hot as the bottom of my laptop.	Wed Nov 06 21:20:06 +0000 2013
BestPickUpIines	402160697020531000	Baby, you're as hot as the bottom of my laptop.	Sun Nov 17 19:45:56 +0000 2013
FinePickUpLine	395329214087717000	Baby, you're just like a snowflake: beautiful, unique, and with one touch  you'll be wet ❄	Tue Oct 29 23:20:04 +0000 2013
BestPickUpIines	402523509316133000	Baby, you're like a student and I am like a math book; you solve all my problems.	Mon Nov 18 19:47:37 +0000 2013
PickuplinesFail	403058693312627000	Baby, you're so sweet, you put Hershey's outta business.	Wed Nov 20 07:14:15 +0000 2013
PickuplinesFail	400204863721992000	Be unique and different, say yes.	Tue Nov 12 10:14:09 +0000 2013
BestPickUpIines	395262543671071000	Be unique and different: #say yes.	Tue Oct 29 18:55:08 +0000 2013
FinePickUpLine	398857815311528000	Boys will break your heart. Real men will pick up the pieces.	Fri Nov 08 17:01:28 +0000 2013
PickuplinesFail	403602258673545000	"Can I borrow a quarter? [""What for?""] I want to call my mom and tell her I just met the man/woman of my dreams."	Thu Nov 21 19:14:11 +0000 2013
PickuplinesFail	403103960393085000	Can I buy you a drink or do you just want the money?	Wed Nov 20 10:14:08 +0000 2013
BestPickUpIines	392726751283266000	Can I get a picture to prove to all my friends that angels really do exist?	Tue Oct 22 18:58:48 +0000 2013
FinePickUpLine	396778769685684000	Can I get your picture to prove to all my friends that angels do exist?	Sat Nov 02 23:20:05 +0000 2013
FinePickUpLine	401757067436126000	Can I have a picture of you so I can show Santa what I want for Christmas?	Sat Nov 16 17:02:03 +0000 2013
FinePickUpLine	397110959732720000	Can I have a picture of you so I can show Santa what I want for Christmas?	Sun Nov 03 21:20:05 +0000 2013
PickuplinesFail	400114266902397000	Can I have directions? [To where?] To your heart.	Tue Nov 12 04:14:09 +0000 2013
BestPickUpIines	391320216820412000	Can I have directions? [To where?] To your heart.	Fri Oct 18 21:49:44 +0000 2013
_BadPickUpLines	371771788063027000	Can you stand still for a picture? I need to send it to Santa and inform him of what I want.	Sun Aug 25 23:11:16 +0000 2013
FinePickUpLine	399360795290915000	Caution: Please keep your distance. I might fall for you.	Sun Nov 10 02:20:08 +0000 2013
BestPickUpIines	402586187078316000	Caution: Please keep your distance. I might fall for you.	Mon Nov 18 23:56:41 +0000 2013
FinePickUpLine	396748570248114000	Coffee? Tea? Me?	Sat Nov 02 21:20:05 +0000 2013
BestPickUpIines	394918024303890000	Come inside my RV and I'll show you some real chemistry.	Mon Oct 28 20:06:08 +0000 2013
FinePickUpLine	396129481649562000	Damn baby, are you cake? Cause I want a piece of that.	Fri Nov 01 04:20:02 +0000 2013
BestPickUpIines	401372848855712000	Damn baby, are you cake? Cause I want a piece of that.	Fri Nov 15 15:35:18 +0000 2013
FinePickUpLine	396008702815506000	Damn baby, you're like a Sharpie - super fine.	Thu Oct 31 20:20:06 +0000 2013
BestPickUpIines	400411518401249000	Damn baby, you're like a Sharpie - super fine.	Tue Nov 12 23:55:19 +0000 2013
BestPickUpIines	390548321397662000	Damn girl you're thicker than a first grade pencil.	Wed Oct 16 18:42:30 +0000 2013
BestPickUpIines	389824445243998000	Damn girl, you remind me of a green bottle 'Cause I wanna Mount and Do you.	Mon Oct 14 18:46:04 +0000 2013
FinePickUpLine	399945180281070000	Damn if being sexy was a crime, you’d be guilty as charged.	Mon Nov 11 17:02:16 +0000 2013
PickuplinesFail	402922767206863000	Damn, if being sexy was a crime, you'd be guilty as charged!	Tue Nov 19 22:14:08 +0000 2013
PickuplinesFail	400567253714096000	Damn, if being sexy was a crime, you'd be guilty as charged!	Wed Nov 13 10:14:10 +0000 2013
BestPickUpIines	395230066856452000	Damn, if being sexy were a crime you'd be guilty as charged.	Tue Oct 29 16:46:05 +0000 2013
BestPickUpIines	390248508374413000	Damn, you're so hot my zipper is falling for you.	Tue Oct 15 22:51:09 +0000 2013
PickuplinesFail	403647532435509000	Did it hurt? (Did what hurt?) When you fell out of heaven?	Thu Nov 21 22:14:05 +0000 2013
PickuplinesFail	403149257446019000	Did the sun come out or did you just smile at me?	Wed Nov 20 13:14:07 +0000 2013
BestPickUpIines	393919059286565000	Did the sun come out or did you just smile at me?	Sat Oct 26 01:56:37 +0000 2013
PickuplinesFail	402288588836319000	Did you clean your pants with Windex? I can practically see myself in them.	Mon Nov 18 04:14:08 +0000 2013
FinePickUpLine	403392351835419000	Did you come out of an owl’s mouth? Because you are a hoot.	Thu Nov 21 05:20:06 +0000 2013
FinePickUpLine	400010054839316000	Did you come out of an owl’s mouth? Because you are a hoot.	Mon Nov 11 21:20:03 +0000 2013
BestPickUpIines	396702491980866000	Did you come out of an owl’s mouth? You are a hoot.	Sat Nov 02 18:16:59 +0000 2013
FinePickUpLine	394559150103233000	Did you fall from heaven? Because have sex with me.	Sun Oct 27 20:20:06 +0000 2013
PickuplinesFail	402379195478970000	Did you fart, cause you blew me away.	Mon Nov 18 10:14:10 +0000 2013
_BadPickUpLines	334234715424977000	Did you fart? you're blowing me away.	Tue May 14 09:12:20 +0000 2013
_BadPickUpLines	363697152373297000	Did you get hit in the head? Because I think you look swell!	Sat Aug 03 16:25:32 +0000 2013
BestPickUpIines	391654347740025000	Did you get those pants on sale? (Why?) Because at my house they would be 100% off!	Sat Oct 19 19:57:27 +0000 2013
_BadPickUpLines	398462188371071000	Did you get those pants on sale? Because if they were at my house they would be 100 percent off.	Thu Nov 07 14:49:23 +0000 2013
BestPickUpIines	393735043614380000	Did you invent the airplane? You seem Wright for me.	Fri Oct 25 13:45:24 +0000 2013
FinePickUpLine	405521394307719000	Did you sit on a pile of sugar? Cause you've got a sweet ass.	Wed Nov 27 02:20:09 +0000 2013
FinePickUpLine	402667579472613000	Did you sit on a pile of sugar? Cause you've got a sweet ass.	Tue Nov 19 05:20:06 +0000 2013
_BadPickUpLines	328238434676265000	Did you sit on a pile of sugar? you have a sweet ass.	Sat Apr 27 20:05:15 +0000 2013
BestPickUpIines	393558681033642000	Did you sit on a pile of sugar? You've got a sweet ass.	Fri Oct 25 02:04:36 +0000 2013
BestPickUpIines	349230879807250000	Do I know you? Cause you look just like my next girlfriend.	Mon Jun 24 18:21:44 +0000 2013
BestPickUpIines	394806448330248000	Do I know you? You look a lot like my next girlfriend.	Mon Oct 28 12:42:47 +0000 2013
_BadPickUpLines	336900208745136000	Do you believe in Hereafters? Because I will be here after if you are interested.	Tue May 21 17:44:03 +0000 2013
PickuplinesFail	403239877720162000	Do you believe in love at first sight, or should I walk by again?	Wed Nov 20 19:14:13 +0000 2013
_BadPickUpLines	365501299137061000	Do you cum here often? No? Want too?	Thu Aug 08 15:54:35 +0000 2013
PickuplinesFail	400159563074511000	Do you have a BandAid? I just scraped my knee falling for you.	Tue Nov 12 07:14:09 +0000 2013
BestPickUpIines	395595609379717000	Do you have a BandAid? I just scraped my knee falling for you.	Wed Oct 30 16:58:37 +0000 2013
_BadPickUpLines	404132116646330000	Do you have a cell phone I can borrow? I have to call God and tell him one of his angels is missing.	Sat Nov 23 06:19:39 +0000 2013
PickuplinesFail	400250166831493000	Do you have a map? I'm getting lost in your eyes.	Tue Nov 12 13:14:10 +0000 2013
_BadPickUpLines	361172044014027000	Do you have a mirror in your pants.... Because I'd love to look at myself instead of you.	Sat Jul 27 17:11:40 +0000 2013
BestPickUpIines	390958643702948000	Do you have a name or can I call you mine?	Thu Oct 17 21:52:58 +0000 2013
_BadPickUpLines	371328061561508000	Do you have a phone in your back pocket because dat ass is calling.	Sat Aug 24 17:48:03 +0000 2013
PickuplinesFail	401201425893851000	Do you have a twin sister? Then you must be the most beautiful girl in the world!	Fri Nov 15 04:14:08 +0000 2013
FinePickUpLine	401822007744287000	Do you have an inhaler? Because you’ve got ass ma.	Sat Nov 16 21:20:06 +0000 2013
FinePickUpLine	396824062791778000	Do you have an inhaler? Because you’ve got ass ma.	Sun Nov 03 02:20:03 +0000 2013
PickuplinesFail	401880895470461000	Do you have the time? [Tells you the time] No, the time to write down my number?	Sun Nov 17 01:14:06 +0000 2013
PickuplinesFail	404734710683013000	Do you know karate? Because your body is really kickin'.	Sun Nov 24 22:14:09 +0000 2013
FinePickUpLine	393909866383024000	Do you know the difference between a Ferrari and an erection? Well, I don't have a Ferrari.	Sat Oct 26 01:20:05 +0000 2013
PickuplinesFail	401382625496949000	Do you know what I did last night? I looked up at the stars, and matched each one with a reason why I love you.	Fri Nov 15 16:14:09 +0000 2013
BestPickUpIines	391366213713920000	Do you like Adele? I can tell you want to be rolling in the D.	Sat Oct 19 00:52:31 +0000 2013
_BadPickUpLines	343597473228530000	Do you like dragons? Because in a minutes I'm going to be dragon these nuts across your face.	Sun Jun 09 05:16:36 +0000 2013
BestPickUpIines	393832591058821000	Do you mix concrete for a living? You're making me hard.	Fri Oct 25 20:13:01 +0000 2013
FinePickUpLine	393924972311486000	Do you run track? Cause I heard you relay want this dick.	Sat Oct 26 02:20:06 +0000 2013
_BadPickUpLines	340186210821624000	Do you smell hotdogs? You've certainly made my wiener-stand.	Thu May 30 19:21:27 +0000 2013
_BadPickUpLines	350739461098832000	Do you strip or do you just look like it?	Fri Jun 28 22:16:18 +0000 2013
FinePickUpLine	397126083218534000	Do you want to do a 68? You go down and I’ll owe you one.	Sun Nov 03 22:20:11 +0000 2013
_BadPickUpLines	369730890361881000	"Do you wear boxers? Because I'd be ""brief"" in taking your clothes off."	Tue Aug 20 08:01:28 +0000 2013
BestPickUpIines	388934086737527000	Do you work at subway? Because you just gave me a footlong.	Sat Oct 12 07:48:06 +0000 2013
BestPickUpIines	390998880734949000	Do you work for Papa Johns? You're a fine pizza ass!	Fri Oct 18 00:32:52 +0000 2013
BestPickUpIines	389172761098453000	Do you work for UPS? I could have sworn I saw you checking out my package.	Sat Oct 12 23:36:31 +0000 2013
BestPickUpIines	397167778773627000	Does your ass have Allstate insurance? [No, why?] Well do you want it to be in good hands?	Mon Nov 04 01:05:52 +0000 2013
FinePickUpLine	397080762794902000	Don’t you know me from somewhere?	Sun Nov 03 19:20:05 +0000 2013
BestPickUpIines	401022665106133000	Don’t you know me from somewhere?	Thu Nov 14 16:23:48 +0000 2013
BestPickUpIines	397042227740168000	Even if there weren't gravity on earth I'd still fall for you.	Sun Nov 03 16:46:58 +0000 2013
_BadPickUpLines	365245785266336000	Ever stuck a hot dog in a donut?	Wed Aug 07 22:59:15 +0000 2013
BestPickUpIines	389513746798105000	Excuse me miss, can I have the time? I’d check my watch but I can’t take my eyes off you.	Sun Oct 13 22:11:28 +0000 2013
PickuplinesFail	402197998295585000	Excuse me, but does this smell like chloroform to you?	Sun Nov 17 22:14:09 +0000 2013
PickuplinesFail	401292021404803000	Excuse me, but I think I dropped something. MY JAW!	Fri Nov 15 10:14:08 +0000 2013
PickuplinesFail	402741568932954000	"Excuse me, but you dropped something back there"" (What?) ""This conversation, lets pick it up later tonight."	Tue Nov 19 10:14:07 +0000 2013
FinePickUpLine	404434216144106000	Excuse me, but you're really cute.	Sun Nov 24 02:20:05 +0000 2013
FinePickUpLine	395359419464417000	Excuse me, but you're really cute.	Wed Oct 30 01:20:05 +0000 2013
FinePickUpLine	395661412204564000	Excuse me, do you have your phone number, I seem to have lost mine.	Wed Oct 30 21:20:06 +0000 2013
FinePickUpLine	398636024475431000	Excuse me, do you mind if I stare at you for a minute? I want to remember your face for my dreams.	Fri Nov 08 02:20:09 +0000 2013
BestPickUpIines	402451208868479000	Excuse me, do you mind if I stare at you for a minute? I want to remember your face for my dreams.	Mon Nov 18 15:00:20 +0000 2013
BestPickUpIines	394822144657347000	Excuse me, does this smell like chloroform to you?	Mon Oct 28 13:45:09 +0000 2013
PickuplinesFail	403466350649426000	Excuse me, I just noticed you noticing me and I just wanted to give	Thu Nov 21 10:14:08 +0000 2013
BestPickUpIines	404728674882445000	Excuse me, I just noticed you noticing me and I just wanted to give you notice that I noticed you too.	Sun Nov 24 21:50:10 +0000 2013
PickuplinesFail	401427945358914000	Excuse me, I think you have something in your eye. Oh wait, it's just a sparkle.	Fri Nov 15 19:14:15 +0000 2013
BestPickUpIines	399960618142540000	Excuse me, I’m lost. Can you give me directions to your house?	Mon Nov 11 18:03:36 +0000 2013
BestPickUpIines	397834609830150000	Excuse me, When’s our wedding date?	Tue Nov 05 21:15:37 +0000 2013
PickuplinesFail	400295464194834000	Fascinating. I've been looking at your eyes all night long, 'cause I've never seen such dark eyes with so much light in them.	Tue Nov 12 16:14:10 +0000 2013
_BadPickUpLines	328707639640990000	Feeling sick? Try some vitamin my dick.	Mon Apr 29 03:09:43 +0000 2013
_BadPickUpLines	376374512247665000	Find me on Jewish Mingle.	Sat Sep 07 16:00:51 +0000 2013
BestPickUpIines	392008744512389000	For a moment I thought I had died and gone to heaven. Now I see I'm alive and heaven has been brought to me.	Sun Oct 20 19:25:42 +0000 2013
PickuplinesFail	399978419745989000	For a moment I thought I had died and gone to heaven. Now I see that I am very much alive, and heaven has been brought to me.	Mon Nov 11 19:14:21 +0000 2013
BestPickUpIines	394898234042491000	Forget Aladdin, I'm thinking about your carpet.	Mon Oct 28 18:47:30 +0000 2013
_BadPickUpLines	342309500000293000	Fun is my 2nd favorite F word...	Wed Jun 05 15:58:39 +0000 2013
_BadPickUpLines	398335793405895000	Get entered at your own risk.	Thu Nov 07 06:27:08 +0000 2013
_BadPickUpLines	397092348402082000	Girl I wanna get on you like a white girl on a pumpkin spice latte.	Sun Nov 03 20:06:08 +0000 2013
_BadPickUpLines	385832298547278000	Girl you must be GTA5, because I wanna play with you all night.	Thu Oct 03 18:22:43 +0000 2013
BestPickUpIines	395928752762655000	Girl, I'm about to explode in my pants like an improperly run meth lab.	Thu Oct 31 15:02:25 +0000 2013
BestPickUpIines	390674096834748000	Girl, if twitter didn't exist I'd still follow you.	Thu Oct 17 03:02:17 +0000 2013
BestPickUpIines	390619769302712000	Girl, you should sell hot dogs. You already know how to make a weiner stand.	Wed Oct 16 23:26:25 +0000 2013
BestPickUpIines	394525775778812000	Good thing I wore my gloves today; you’d be too hot to handle.	Sun Oct 27 18:07:29 +0000 2013
_BadPickUpLines	358124384512651000	Great tits, I'd love to suck them right off of ya.	Fri Jul 19 07:21:21 +0000 2013
_BadPickUpLines	328534273588089000	Have sex with me if I'm wrong but do you want to have sex with me?	Sun Apr 28 15:40:49 +0000 2013
BestPickUpIines	396438974350516000	Have you ever kissed a rabbit between the ears? [Pull your pockets inside out] Would you like to?	Sat Nov 02 00:49:51 +0000 2013
BestPickUpIines	389054074815275000	Have you ever kissed a rabbit between the ears? [Pull your pockets inside out] Would you like to?	Sat Oct 12 15:44:54 +0000 2013
PickuplinesFail	402107392378569000	"Hello are you married? [Yes] Well I didn't hear you say ""happily""."	Sun Nov 17 16:14:07 +0000 2013
PickuplinesFail	402243291976303000	Hello how are you? [Fine] Hey, I didn't ask you how you looked!	Mon Nov 18 01:14:08 +0000 2013
PickuplinesFail	401699701705429000	Hello, I'm a thief, and I'm here to steal your heart.	Sat Nov 16 13:14:06 +0000 2013
PickuplinesFail	405232985664135000	Hello. Are you taking any applications for a boy/girlfriend?	Tue Nov 26 07:14:07 +0000 2013
FinePickUpLine	403709449090912000	Hey baby on a scale from 1 to spongebob how ready are you?	Fri Nov 22 02:20:07 +0000 2013
PickuplinesFail	401745019717288000	Hey baby you're so fine you make me stutter, wha-wha-what's your name?	Sat Nov 16 16:14:11 +0000 2013
BestPickUpIines	389954030119973000	Hey baby, is your name SAT? I want to do you for 3 hours and 45 minutes.	Tue Oct 15 03:21:00 +0000 2013
BestPickUpIines	397760493534060000	Hey baby, you must be a light switch. Every time I see you, you turn me on!	Tue Nov 05 16:21:06 +0000 2013
BestPickUpIines	395625900571902000	Hey Beauty, can I introduce you to my Beast?	Wed Oct 30 18:58:59 +0000 2013
BestPickUpIines	390179824737993000	"Hey can I follow you home? (""What?"") Oh, sorry. My parents just told me to follow my dreams."	Tue Oct 15 18:18:14 +0000 2013
BestPickUpIines	390640673621557000	Hey, are your parents beavers? Cuz DAMMMMMMMMMMMMMMMM.	Thu Oct 17 00:49:29 +0000 2013
FinePickUpLine	401897516054356000	Hey, don’t frown. You never know who could be falling in love with your smile.	Sun Nov 17 02:20:09 +0000 2013
FinePickUpLine	396431487341707000	Hey, don’t frown. You never know who could be falling in love with your smile.	Sat Nov 02 00:20:06 +0000 2013
_BadPickUpLines	364554884483269000	Hey, I play Soccer!	Tue Aug 06 01:13:52 +0000 2013
PickuplinesFail	405187695871533000	Hey, is it just me, or are we destined to be married?	Tue Nov 26 04:14:09 +0000 2013
PickuplinesFail	401971498707341000	"Hey... Didn't I see your name in the dictionary under ""Shazaam!""?"	Sun Nov 17 07:14:08 +0000 2013
PickuplinesFail	402469778151211000	Hey...somebody farted. Let's get out of here.	Mon Nov 18 16:14:07 +0000 2013
BestPickUpIines	395960204069995000	Hi, I'm Andy. Want to play with my Woody?	Thu Oct 31 17:07:23 +0000 2013
PickuplinesFail	405414207841403000	"Hi, my name is Doug. That's ""god"" spelled backwards with a little bit of you wrapped up in it."	Tue Nov 26 19:14:14 +0000 2013
BestPickUpIines	405371894695993000	Hi, my name is Milk. I'll do your body good.	Tue Nov 26 16:26:05 +0000 2013
BestPickUpIines	404690934841217000	Hi. I'm gay, think you can convert me?	Sun Nov 24 19:20:12 +0000 2013
FinePickUpLine	397548846819312000	How can I love you if you won’t lay down?	Tue Nov 05 02:20:05 +0000 2013
BestPickUpIines	402176632393585000	How can I love you if you won’t lay down?	Sun Nov 17 20:49:15 +0000 2013
PickuplinesFail	405550085104501000	How much does a polar bear weigh? [How much?] Enough to break the ice... Hi, I'm (insert name here).	Wed Nov 27 04:14:09 +0000 2013
PickuplinesFail	402333885184614000	How was heaven when you left it?	Mon Nov 18 07:14:07 +0000 2013
_BadPickUpLines	329326635092410000	How's your family tree? I'd love to unzip your genes.	Tue Apr 30 20:09:23 +0000 2013
_BadPickUpLines	376807619694170000	I actually know the muffin man.	Sun Sep 08 20:41:51 +0000 2013
BestPickUpIines	397097690208932000	I am so sorry... I think your legs are about to get a divorce.	Sun Nov 03 20:27:21 +0000 2013
PickuplinesFail	401790326610076000	I bet you $20 you're gonna turn me down.	Sat Nov 16 19:14:13 +0000 2013
BestPickUpIines	399934344586101000	I bet you $20 you're gonna turn me down.	Mon Nov 11 16:19:12 +0000 2013
BestPickUpIines	404428385289400000	I can fly anywhere in the world, but only you can take me to heaven.	Sun Nov 24 01:56:55 +0000 2013
FinePickUpLine	397408040154329000	I can sense that you are a terrific lover and that intimidates me a little.	Mon Nov 04 17:00:34 +0000 2013
FinePickUpLine	395706708095672000	I can’t find my puppy. Can you help me find him? I think he went inside this cheap motel room.	Thu Oct 31 00:20:05 +0000 2013
FinePickUpLine	403996353845801000	I cant taste my lips could you do it for me?!	Fri Nov 22 21:20:11 +0000 2013
FinePickUpLine	398243445497930000	I cant taste my lips could you do it for me?!	Thu Nov 07 00:20:11 +0000 2013
PickuplinesFail	399751883721826000	I could stare at you a bit longer.	Mon Nov 11 04:14:10 +0000 2013
PickuplinesFail	402515122096439000	I didn't know that angels could fly so low!	Mon Nov 18 19:14:18 +0000 2013
PickuplinesFail	405368892744561000	I didn't see any stars in the sky tonight, the most heavenly body was standing right next to me.	Tue Nov 26 16:14:10 +0000 2013
PickuplinesFail	402424489239380000	I don't have a library card, but do you mind if I check you out?	Mon Nov 18 13:14:09 +0000 2013
BestPickUpIines	403220962503848000	I have a job for you, but it blows.	Wed Nov 20 17:59:03 +0000 2013
_BadPickUpLines	327090100364251000	I have a job for you.... but it blows	Wed Apr 24 16:02:11 +0000 2013
BestPickUpIines	402474476778308000	I have a pen, You have a phone number. Think of the possibilities.	Mon Nov 18 16:32:47 +0000 2013
FinePickUpLine	401459637658350000	I have a pen. You have a phone number. Think of the possibilities.	Fri Nov 15 21:20:11 +0000 2013
FinePickUpLine	398681304176558000	I have a pen. You have a phone number. Think of the possibilities.	Fri Nov 08 05:20:04 +0000 2013
FinePickUpLine	395374523044078000	I have a six inch tongue and I can breathe with my ears	Wed Oct 30 02:20:06 +0000 2013
BestPickUpIines	400281126537003000	I have a six inch tongue and I can breathe with my ears.	Tue Nov 12 15:17:12 +0000 2013
PickuplinesFail	405278293596721000	"I have an ""owie"" on my lip. Will you kiss it and make it better?"	Tue Nov 26 10:14:09 +0000 2013
_BadPickUpLines	370957247070753000	I have an erection that has lasted longer than 4 hours. Sup.	Fri Aug 23 17:14:34 +0000 2013
FinePickUpLine	400780154601234000	I have an X in my equation that U can replace.	Thu Nov 14 00:20:09 +0000 2013
_BadPickUpLines	372602109205561000	I have many leather bound books... and my apartment smells of rich mahogany.	Wed Aug 28 06:10:40 +0000 2013
BestPickUpIines	393422072770486000	I have Skittles in my pants. Want to taste the rainbow?	Thu Oct 24 17:01:46 +0000 2013
_BadPickUpLines	329630680483000000	I have the F, the C, and the K.... All I need is the You.	Wed May 01 16:17:33 +0000 2013
FinePickUpLine	401097245845897000	I have two words for you: ‘I love you,’ because you and I are one.	Thu Nov 14 21:20:10 +0000 2013
FinePickUpLine	400307588832965000	I have two words for you: ‘I love you,’ because you and I are one.	Tue Nov 12 17:02:21 +0000 2013
FinePickUpLine	395721807015444000	I heard sex was killer. Want to die happy?	Thu Oct 31 01:20:05 +0000 2013
BestPickUpIines	400352846664983000	I heard sex was killer. Want to die happy?	Tue Nov 12 20:02:11 +0000 2013
_BadPickUpLines	344081045718716000	I heard there is a party back at my place and everyone is cuming.	Mon Jun 10 13:18:08 +0000 2013
FinePickUpLine	401142529996751000	I heard you’re a player. Nice to meet you, I’m the coach	Fri Nov 15 00:20:06 +0000 2013
FinePickUpLine	398495529975685000	I heard your vagina is a Horcrux. I’m afraid I’ll have to destroy it.	Thu Nov 07 17:01:52 +0000 2013
BestPickUpIines	390890088236065000	I hope you like fireworks because I want to end this night with a bang.	Thu Oct 17 17:20:34 +0000 2013
BestPickUpIines	395573590000959000	I know a fun activity that can burn 500 calories an hour.	Wed Oct 30 15:31:07 +0000 2013
BestPickUpIines	389403302653616000	I know a fun activity that can burn 500 calories an hour.	Sun Oct 13 14:52:36 +0000 2013
FinePickUpLine	395944000504754000	I know milk does a body good, but baby, how much have you been drinking?	Thu Oct 31 16:03:00 +0000 2013
PickuplinesFail	403738169394610000	I know milk does a body good, but baby, how much have you been drinking?	Fri Nov 22 04:14:15 +0000 2013
BestPickUpIines	403504375248978000	I know milk does a body good, so damn baby; how much have you been drinking?	Thu Nov 21 12:45:14 +0000 2013
_BadPickUpLines	372203295302877000	I like my cookies like I like my women. Hot.	Tue Aug 27 03:45:55 +0000 2013
_BadPickUpLines	351222944019644000	I like my sex like a Saturday night bar. You can't wait, but before you know it, it's over.	Sun Jun 30 06:17:29 +0000 2013
_BadPickUpLines	356607788769739000	I like my violence like I like my beer.  Domestic.	Mon Jul 15 02:54:56 +0000 2013
_BadPickUpLines	336522467013169000	I lost my virginity. Can I have yours?	Mon May 20 16:43:03 +0000 2013
_BadPickUpLines	367084761023398000	I love my girlfriend... But my wife hates her.	Tue Aug 13 00:46:41 +0000 2013
_BadPickUpLines	368278840080347000	I may not go down in history, but I'll go down on you.	Fri Aug 16 07:51:32 +0000 2013
_BadPickUpLines	338719134902788000	I may not go down in history, but I'll go down on you.	Sun May 26 18:11:49 +0000 2013
PickuplinesFail	400929628510253000	I must be a snowflake, because I've fallen for you	Thu Nov 14 10:14:07 +0000 2013
FinePickUpLine	397045611868201000	I must have been bad this year cause baby, Santa didn't have you wrapped under the tree for me.	Sun Nov 03 17:00:25 +0000 2013
BestPickUpIines	401004389013275000	I must have been bad this year cause baby, Santa didn't have you wrapped under the tree for me.	Thu Nov 14 15:11:11 +0000 2013
_BadPickUpLines	400148049840079000	I names my penis Knight. Maybe we can turn off the lights and make the Dark Night Rise.	Tue Nov 12 06:28:24 +0000 2013
_BadPickUpLines	329126826188354000	I only want to hangout with you because am interested in science. I could use your beaker to test my stirring rod.	Tue Apr 30 06:55:24 +0000 2013
BestPickUpIines	395690027696800000	I own a carwash. Let's get dirty.	Wed Oct 30 23:13:48 +0000 2013
PickuplinesFail	403783428623311000	I play the field, and it looks like I just hit a home run with you.	Fri Nov 22 07:14:05 +0000 2013
FinePickUpLine	394997048728388000	I really want to kiss you right now.	Tue Oct 29 01:20:09 +0000 2013
PickuplinesFail	402062100178424000	I seem to have lost my phone number. Can I have yours?	Sun Nov 17 13:14:09 +0000 2013
_BadPickUpLines	388938923126170000	I shaves my balls and I'm looking to have a good time, how are ya?	Sat Oct 12 08:07:20 +0000 2013
BestPickUpIines	393861253103624000	I think it is time I tell you what people are saying behind your back: Nice Ass.	Fri Oct 25 22:06:54 +0000 2013
FinePickUpLine	404358722249851000	I thought happiness started with an H. Why does mine start with U?	Sat Nov 23 21:20:06 +0000 2013
FinePickUpLine	401504949068374000	I thought happiness started with an H. Why does mine start with U?	Sat Nov 16 00:20:14 +0000 2013
FinePickUpLine	398318914486403000	I thought happiness started with an H. Why does mine start with U?	Thu Nov 07 05:20:04 +0000 2013
_BadPickUpLines	361880543564014000	I used to ride horses... You look like a horse... This should work out.	Mon Jul 29 16:06:59 +0000 2013
BestPickUpIines	395333176937447000	I want to live in your socks so that I can be with you every step of the way.	Tue Oct 29 23:35:48 +0000 2013
FinePickUpLine	399768472995267000	I was blinded by your beauty so I’m going to need your name and number for insurance reasons.	Mon Nov 11 05:20:05 +0000 2013
_BadPickUpLines	394708055390433000	I was going to try and pick you up, but you look a little thick.	Mon Oct 28 06:11:48 +0000 2013
BestPickUpIines	394240833161273000	I was so enchanted by you that I ran into that wall over there. I'm going to need your name and number for insurance purposes.	Sat Oct 26 23:15:13 +0000 2013
PickuplinesFail	399570693442265000	I was so enchanted by your beauty that I ran into that wall over	Sun Nov 10 16:14:11 +0000 2013
PickuplinesFail	400612553342353000	I was wondering if you had an extra heart mine seems to have been stolen	Wed Nov 13 13:14:10 +0000 2013
FinePickUpLine	398605812043878000	I waste all my time just thinking of you.	Fri Nov 08 00:20:05 +0000 2013
FinePickUpLine	404117119883039000	I will stop loving you when an apple grows from a mango tree on the 30th of February.	Sat Nov 23 05:20:04 +0000 2013
FinePickUpLine	401535122354491000	I will stop loving you when an apple grows from a mango tree on the 30th of February.	Sat Nov 16 02:20:07 +0000 2013
FinePickUpLine	398273638950252000	I will stop loving you when an apple grows from a mango tree on the 30th of February.	Thu Nov 07 02:20:09 +0000 2013
FinePickUpLine	398560536855871000	I wish I could select all of your clothes and press delete.	Thu Nov 07 21:20:11 +0000 2013
BestPickUpIines	402218454310453000	I wish I could select all of your clothes and press delete.	Sun Nov 17 23:35:27 +0000 2013
_BadPickUpLines	330017917901103000	I wish I had a drill so I could screw you.	Thu May 02 17:56:17 +0000 2013
_BadPickUpLines	330422244151005000	I wish I was a surf board - you could wax me.	Fri May 03 20:42:56 +0000 2013
FinePickUpLine	397156292030394000	I wish I was your secant line so I could touch you in at least two places.	Mon Nov 04 00:20:13 +0000 2013
BestPickUpIines	405158846999851000	I wish I were an Ion so I could form an exothermic bond with you.	Tue Nov 26 02:19:31 +0000 2013
FinePickUpLine	397186464863494000	I wish we were in telophase so I could admire your cleavage.	Mon Nov 04 02:20:07 +0000 2013
_BadPickUpLines	330861316950614000	I wish you were a nail so I could hammer you.	Sun May 05 01:47:39 +0000 2013
BestPickUpIines	390504977879552000	I would call Heaven and tell them an angel was missing, but I'm kind of hoping you're a slut.	Wed Oct 16 15:50:16 +0000 2013
_BadPickUpLines	326163531949023000	I would use a line to pick you up but you are probably to heavy for that.	Mon Apr 22 02:40:20 +0000 2013
_BadPickUpLines	356421104627237000	I'd drag my dick through a mile of broken glass just to hear you fart through a walkie talkie.	Sun Jul 14 14:33:07 +0000 2013
_BadPickUpLines	356097086103618000	I'd drink a pint of Magic Johnson's blood just to smell your panties.	Sat Jul 13 17:05:35 +0000 2013
_BadPickUpLines	362077925442453000	I'd hold your hair just to watch you blow another guy.	Tue Jul 30 05:11:19 +0000 2013
_BadPickUpLines	400520397277651000	I'd like to do things to you that are illegal in...... well, everywhere actually.	Wed Nov 13 07:07:58 +0000 2013
BestPickUpIines	389456712539062000	"I'd like to point out that ""beautiful"" has U in it, but ""quickie"" has U &amp; I together."	Sun Oct 13 18:24:50 +0000 2013
BestPickUpIines	396074333132829000	I'd like to use your thighs as earmuffs.	Fri Nov 01 00:40:54 +0000 2013
_BadPickUpLines	339944744140542000	I'd love to be the Burger King to your Dairy Queen.	Thu May 30 03:21:57 +0000 2013
_BadPickUpLines	365199615148044000	I'd love to put my magic wand in your Harry Potter.	Wed Aug 07 19:55:47 +0000 2013
_BadPickUpLines	326941813158064000	I'd love to read that shirt.... In Braille.	Wed Apr 24 06:12:57 +0000 2013
_BadPickUpLines	353882096563007000	I'd marry your pet just to be in your family.	Sun Jul 07 14:24:01 +0000 2013
_BadPickUpLines	359837761395638000	I'd marry your sister just to get into your family.	Wed Jul 24 00:49:42 +0000 2013
BestPickUpIines	395664363723702000	I'd really like to Poke-her-hontas.	Wed Oct 30 21:31:50 +0000 2013
_BadPickUpLines	328342753073328000	"I'd say ""God bless you"" but looks like I'm too late.."	Sun Apr 28 02:59:47 +0000 2013
BestPickUpIines	390814778907955000	I'd take you to the bakery but there is nothing sweeter than you.	Thu Oct 17 12:21:18 +0000 2013
_BadPickUpLines	332667752252834000	I'd try and pick you up, but I'm diabetic and you look too sweet.	Fri May 10 01:25:47 +0000 2013
_BadPickUpLines	338899236932420000	I'd try some line about an angel missing from heaven, but I'm hoping your sluttier than that.	Mon May 27 06:07:29 +0000 2013
_BadPickUpLines	333601942053986000	I'll be a pool raft. I will lay here and let you blow me up.	Sun May 12 15:17:55 +0000 2013
_BadPickUpLines	337461322679738000	I'm an actor, I'm not a dick in real life... But I'll play one inside you tonight.	Thu May 23 06:53:43 +0000 2013
BestPickUpIines	401051526346867000	I'm easy. Are you?	Thu Nov 14 18:18:29 +0000 2013
PickuplinesFail	401609108799128000	I'm fighting the urge to make you the happiest woman on earth tonight.	Sat Nov 16 07:14:07 +0000 2013
_BadPickUpLines	381810617750806000	I'm glad that your ass matches your sass.	Sun Sep 22 16:01:59 +0000 2013
_BadPickUpLines	330052583039324000	I'm going to put you on my Myspace Top Friends list after tonight!	Thu May 02 20:14:02 +0000 2013
BestPickUpIines	405063622059372000	I'm hung like a tic tac. Want to freshen your breath?	Mon Nov 25 20:01:07 +0000 2013
_BadPickUpLines	361318606434349000	I'm in my bed, you're in your bed. One of us is in the wrong place.	Sun Jul 28 02:54:03 +0000 2013
_BadPickUpLines	337346406148886000	I'm like Jimmy John's, If I don't cum in 20 minutes, the next one is free.	Wed May 22 23:17:05 +0000 2013
_BadPickUpLines	364045519271629000	I'm looking for treasure, mind if I look around your chest?	Sun Aug 04 15:29:50 +0000 2013
PickuplinesFail	403828740230500000	I'm new in town. Could you give me directions to your apartment?	Fri Nov 22 10:14:09 +0000 2013
BestPickUpIines	398446344333173000	I'm no mathematician, but I'm pretty good with numbers. Tell you what, Give me yours and watch what I can do with it.	Thu Nov 07 13:46:25 +0000 2013
BestPickUpIines	349279282524201000	I'm no mathematician, but I'm pretty good with numbers. Tell you what, Give me yours and watch what I can do with it.	Mon Jun 24 21:34:04 +0000 2013
_BadPickUpLines	334898390833975000	I'm no photographer but I can picture me inside of you.	Thu May 16 05:09:33 +0000 2013
FinePickUpLine	393185089355784000	I'm no weather man, but you can expect more than a few inches tonight.	Thu Oct 24 01:20:04 +0000 2013
_BadPickUpLines	375296190570848000	I'm not a hipster, but I can make your hips stir.	Wed Sep 04 16:35:59 +0000 2013
_BadPickUpLines	380369776251773000	I'm not a sports man, but I think me and you could touch down later..	Wed Sep 18 16:36:36 +0000 2013
FinePickUpLine	403754747246948000	I'm not a weatherman, but you can expect more than a few inches tonight.	Fri Nov 22 05:20:07 +0000 2013
PickuplinesFail	401835608924242000	I'm not actually this tall. I'm sitting on my wallet.	Sat Nov 16 22:14:09 +0000 2013
PickuplinesFail	399525393281339000	I'm not drunk, I'm just intoxicated by you.	Sun Nov 10 13:14:11 +0000 2013
BestPickUpIines	396050002512200000	I'm not drunk, I'm just intoxicated by you.	Thu Oct 31 23:04:13 +0000 2013
BestPickUpIines	392379133772456000	I'm not drunk; I'm intoxicated by you.	Mon Oct 21 19:57:30 +0000 2013
_BadPickUpLines	351599363509862000	I'm not Santa... I like the naughty hoes too.	Mon Jul 01 07:13:15 +0000 2013
PickuplinesFail	404598803795567000	I'm not trying to impress you or anything, but... I'm Batman!	Sun Nov 24 13:14:06 +0000 2013
PickuplinesFail	403692833611481000	I'm sorry, were you talking to me? [No] Well then, please start.	Fri Nov 22 01:14:06 +0000 2013
BestPickUpIines	352151661323620000	I'm sorry, were you talking to me? [No] Well then, please start.	Tue Jul 02 19:47:53 +0000 2013
_BadPickUpLines	392536516775666000	I'm Times New Roman in the streets and a Wingdings in the sheets.	Tue Oct 22 06:22:53 +0000 2013
_BadPickUpLines	347724956345450000	I'm well behaved and your shaved. Let's get something going.	Thu Jun 20 14:37:44 +0000 2013
_BadPickUpLines	366062918086824000	I've been in more crotchets than jock itch.	Sat Aug 10 05:06:15 +0000 2013
BestPickUpIines	391620067357905000	I've been looking at your eyes all night long. I've never seen such dark eyes with so much light in them.	Sat Oct 19 17:41:14 +0000 2013
FinePickUpLine	399582586483540000	I’ll kiss you in the rain so you get twice as wet.	Sun Nov 10 17:01:27 +0000 2013
FinePickUpLine	397473352971203000	I’m easy. Are you?	Mon Nov 04 21:20:06 +0000 2013
FinePickUpLine	395646314626949000	I’m gonna have to put you on my ‘To Do’ list.	Wed Oct 30 20:20:06 +0000 2013
_BadPickUpLines	354596284377743000	If a boner counts as a feeling then yes, I do have feelings for you.	Tue Jul 09 13:41:56 +0000 2013
PickuplinesFail	400476658815472000	If a thousand painters worked for a thousand years, they could not create a work of art as beautiful as you.	Wed Nov 13 04:14:10 +0000 2013
BestPickUpIines	391706200091283000	If a thousand painters worked for a thousand years, they could not create a work of art as beautiful as you.	Sat Oct 19 23:23:30 +0000 2013
PickuplinesFail	399661283353854000	If beauty were time, you'd be eternity.	Sun Nov 10 22:14:09 +0000 2013
BestPickUpIines	394195119903363000	If beauty were time, you’d be eternity.	Sat Oct 26 20:13:35 +0000 2013
BestPickUpIines	398806442049688000	If I bit my lip, would you kiss it better?	Fri Nov 08 13:37:19 +0000 2013
_BadPickUpLines	330727998829502000	If I could re arrange the alphabet I would put my D N U.	Sat May 04 16:57:54 +0000 2013
PickuplinesFail	405459505300787000	If I could reach out and hold a star for everytime you've made me smile, I'd hold the sky in the palm of my hand.	Tue Nov 26 22:14:13 +0000 2013
_BadPickUpLines	368820512551469000	If I could rearrange the alphabet I would put me inside of U.	Sat Aug 17 19:43:57 +0000 2013
PickuplinesFail	403874036851442000	If I could rearrange the alphabet, I would put 'U' and 'I' together.	Fri Nov 22 13:14:08 +0000 2013
_BadPickUpLines	329035566744236000	If I could rearrange the alphabet, I'd put my penis around your face.	Tue Apr 30 00:52:46 +0000 2013
_BadPickUpLines	364609646020923000	If I flip a coin, can I get head for heads?	Tue Aug 06 04:51:28 +0000 2013
BestPickUpIines	397457261284823000	If I flip a coin, what are my chances of getting head?	Mon Nov 04 20:16:10 +0000 2013
FinePickUpLine	397956528340500000	If I followed you home, would you keep me?	Wed Nov 06 05:20:04 +0000 2013
BestPickUpIines	401908738489324000	If I followed you home, would you keep me?	Sun Nov 17 03:04:45 +0000 2013
FinePickUpLine	403633948288643000	If I had a garden I'd put your two lips and my two lips together.	Thu Nov 21 21:20:07 +0000 2013
_BadPickUpLines	328899209933775000	If I had a garden I'd put your two-lips and my two-lips together.	Mon Apr 29 15:50:56 +0000 2013
PickuplinesFail	400431367819133000	If I had a star for every time you brightened my day, I'd have a galaxy in my hand.	Wed Nov 13 01:14:12 +0000 2013
_BadPickUpLines	384405207716995000	If I had an erection lasting longer than 4 hours, I'd call you. Screw a doctor.	Sun Sep 29 19:51:58 +0000 2013
PickuplinesFail	399887770862502000	If I received a nickel for every time I saw someone as beautiful as	Mon Nov 11 13:14:08 +0000 2013
BestPickUpIines	394596518927561000	If I received a nickel for everytime I saw someone as beautiful as you, I'd have five cents.	Sun Oct 27 22:48:36 +0000 2013
BestPickUpIines	404866778284962000	If I told you I had a 2 inch dick would you fuck me? (No) Good, because mine is 8 inches.	Mon Nov 25 06:58:56 +0000 2013
BestPickUpIines	392631089627685000	If I were a stop light I'd turn red every time you passed by just so I could stare at you a bit longer.	Tue Oct 22 12:38:41 +0000 2013
PickuplinesFail	399706578871660000	If I were a stop light, I'd turn red everytime you passed by, just so	Mon Nov 11 01:14:09 +0000 2013
_BadPickUpLines	349029975820734000	If I were a zombie, I'd bite you first	Mon Jun 24 05:03:25 +0000 2013
PickuplinesFail	401473220697915000	If I were to ask you out on a date, would your answer be the same as the answer to this question?	Fri Nov 15 22:14:09 +0000 2013
PickuplinesFail	402877478735479000	If stars would fall everytime I would think of you, the sky would soon be empty.	Tue Nov 19 19:14:10 +0000 2013
PickuplinesFail	401518520800125000	If this bar is a meat market, you must be the prime rib.	Sat Nov 16 01:14:09 +0000 2013
_BadPickUpLines	375660733440086000	If we were stranded on a desert island, I would eat you last.	Thu Sep 05 16:44:32 +0000 2013
FinePickUpLine	396084191630492000	If you are a good looking female and dressed up for Halloween, on behalf of all guys....Thank You!	Fri Nov 01 01:20:04 +0000 2013
_BadPickUpLines	368920785374552000	If you guys follow @TooDamnCollege and let us know we will follow you and tweet you your own, personalized, bad pick up line!	Sun Aug 18 02:22:24 +0000 2013
FinePickUpLine	396703268153614000	If you hold a dozen roses and look into the mirror, you’ll see the 13 most beautiful things in the world.	Sat Nov 02 18:20:04 +0000 2013
BestPickUpIines	400807391526408000	If you hold a dozen roses and look into the mirror, you’ll see the 13 most beautiful things in the world.	Thu Nov 14 02:08:23 +0000 2013
PickuplinesFail	401337327404188000	If you were a booger I'd pick you first.	Fri Nov 15 13:14:10 +0000 2013
BestPickUpIines	394573365031088000	If you were a chicken you'd be impeccable.	Sun Oct 27 21:16:35 +0000 2013
_BadPickUpLines	326348310707323000	If you were a door I would slam you all day.	Mon Apr 22 14:54:35 +0000 2013
_BadPickUpLines	384552867639853000	If you were a Pokemon, I would peak-at-chu.	Mon Sep 30 05:38:42 +0000 2013
PickuplinesFail	403919337700209000	If you were a tear in my eye I would not cry for fear of losing you.	Fri Nov 22 16:14:09 +0000 2013
BestPickUpIines	398148424488739000	If you were a tear in my eye I would not cry for fear of losing you.	Wed Nov 06 18:02:36 +0000 2013
BestPickUpIines	350425585929028000	If you were a tear in my eye I would not cry for fear of losing you.	Fri Jun 28 01:29:04 +0000 2013
BestPickUpIines	390643013074317000	If you were a transformer, you’d be Optimus Fine.	Thu Oct 17 00:58:46 +0000 2013
_BadPickUpLines	331036362818068000	If you were a triangle - you'd be acute one.	Sun May 05 13:23:13 +0000 2013
FinePickUpLine	400669725736595000	if you were food, you’d definitely be a cutie pie.	Wed Nov 13 17:01:21 +0000 2013
_BadPickUpLines	383131022495580000	If you were poop, I'd wipe you.	Thu Sep 26 07:28:48 +0000 2013
BestPickUpIines	391280447050633000	If you were the snooze button I'd hit that every morning.	Fri Oct 18 19:11:42 +0000 2013
_BadPickUpLines	350256649639961000	If you weren't so heavy, I'd try to pick you up.	Thu Jun 27 14:17:47 +0000 2013
_BadPickUpLines	352170396474278000	If you worked in a pet shop, people would try to buy you.	Tue Jul 02 21:02:20 +0000 2013
FinePickUpLine	396023825403744000	If you're a female and you didn't dress slutty for Halloween, you did it wrong	Thu Oct 31 21:20:12 +0000 2013
_BadPickUpLines	339249641805730000	If you're vagina was a garage I'd pay for long-term parking.	Tue May 28 05:19:52 +0000 2013
_BadPickUpLines	338491621547078000	If your butt was a phone I'd hit pound all night.	Sun May 26 03:07:46 +0000 2013
_BadPickUpLines	329767380282638000	In my mind, periods only stop a sentence.	Thu May 02 01:20:44 +0000 2013
PickuplinesFail	403285147988296000	Inheriting eighty million bucks doesn't mean much when you have a weak heart.	Wed Nov 20 22:14:06 +0000 2013
_BadPickUpLines	341043134488265000	Is there a fire around... Or are those sparks between us?	Sun Jun 02 04:06:34 +0000 2013
PickuplinesFail	405097102566773000	Is there a rainbow today? I just found the treasure I've been searching for!	Mon Nov 25 22:14:10 +0000 2013
PickuplinesFail	400793750253085000	Is there an airport nearby or is that just my heart taking off?	Thu Nov 14 01:14:11 +0000 2013
PickuplinesFail	404915895770030000	Is your dad a terrorist? Because you are the bomb.	Mon Nov 25 10:14:07 +0000 2013
FinePickUpLine	393406993794617000	is your kid Stacey? cause, you've got it going on	Thu Oct 24 16:01:51 +0000 2013
FinePickUpLine	402248326709776000	Is your kid Stacey? Cause, you've got it going on.	Mon Nov 18 01:34:09 +0000 2013
PickuplinesFail	402650974835450000	Is your last name Gillette? Because you are the best a man can get.	Tue Nov 19 04:14:07 +0000 2013
PickuplinesFail	402696293556187000	"Is your name ""swiffer""? 'Cause you just swept me off my feet."	Tue Nov 19 07:14:12 +0000 2013
_BadPickUpLines	387052157947871000	Is your name Carrie? You give me UnderWood.	Mon Oct 07 03:10:00 +0000 2013
FinePickUpLine	402305191141462000	Is your name Hershey's? Cause I want a kiss.	Mon Nov 18 05:20:06 +0000 2013
FinePickUpLine	394649734247637000	Is your name Hershey's? Cause I want a kiss.	Mon Oct 28 02:20:03 +0000 2013
BestPickUpIines	390207187202867000	Is your name Katniss? You're starting an uprising in my district.	Tue Oct 15 20:06:57 +0000 2013
BestPickUpIines	392747771465580000	Is your name Michael Jackson? You make me want to beat it.	Tue Oct 22 20:22:20 +0000 2013
_BadPickUpLines	384920705911226000	Is your name Miley Cyrus...? because you can wreck my balls.	Tue Oct 01 06:00:22 +0000 2013
FinePickUpLine	393044611071218000	Is your name Oliver? Cause in a minute you're gonna be Oliver this dick.	Wed Oct 23 16:01:52 +0000 2013
BestPickUpIines	393094215955411000	Is your name Oliver? In a minute you're gonna be Oliver this dick.	Wed Oct 23 19:18:59 +0000 2013
FinePickUpLine	396491878038000000	Is your name Santa? Cause you'll be cumming soon!	Sat Nov 02 04:20:04 +0000 2013
_BadPickUpLines	379146097220157000	Is your name wifi? Because I'm feeling a connection.	Sun Sep 15 07:34:08 +0000 2013
BestPickUpIines	393440996467687000	Is your name WiFi? I'm feeling a connection.	Thu Oct 24 18:16:57 +0000 2013
FinePickUpLine	396854261637984000	It must be dark outside ‘cause all the sunshine in the world is right here.	Sun Nov 03 04:20:03 +0000 2013
BestPickUpIines	394672596223930000	It's a good thing that I have my library card because I am totally checking you out.	Mon Oct 28 03:50:54 +0000 2013
BestPickUpIines	397787782078550000	Just remember: To you, I am a virgin.	Tue Nov 05 18:09:32 +0000 2013
_BadPickUpLines	367772591735325000	Just say fuck it and suck it is what I always say.	Wed Aug 14 22:19:53 +0000 2013
BestPickUpIines	351811276961358000	Kissing burns 6.4 calories per minute. Wanna workout?	Mon Jul 01 21:15:19 +0000 2013
BestPickUpIines	393137332532290000	Know what'd look good on you? Me.	Wed Oct 23 22:10:18 +0000 2013
_BadPickUpLines	338553051826778000	Let me be a burglar and sneak in from the back.	Sun May 26 07:11:52 +0000 2013
FinePickUpLine	399043695041053000	Let me just kiss you and tell you how much I love you..	Sat Nov 09 05:20:05 +0000 2013
BestPickUpIines	348932020723921000	Let me tie your shoes, cause I dont want you falling for anyone else.	Sun Jun 23 22:34:11 +0000 2013
BestPickUpIines	398661870200291000	Let me tie your shoes. I don't want you falling for anyone else.	Fri Nov 08 04:02:51 +0000 2013
_BadPickUpLines	330507519195746000	Let's flip a coin - what are the chances I get head?	Sat May 04 02:21:47 +0000 2013
_BadPickUpLines	371165705762132000	Let's go to my place and do the things I'll tell everyone we did anyway.	Sat Aug 24 07:02:54 +0000 2013
BestPickUpIines	396375596458328000	Let's have a party and invite your pants to come on down.	Fri Nov 01 20:38:01 +0000 2013
PickuplinesFail	405323586640282000	Let's make like a fabric softener and 'Snuggle	Tue Nov 26 13:14:08 +0000 2013
BestPickUpIines	399315921849696000	Let's make like a fabric softener and 'Snuggle.	Sat Nov 09 23:21:49 +0000 2013
_BadPickUpLines	355377244367098000	Let's not turn this rape into a murder...	Thu Jul 11 17:25:12 +0000 2013
_BadPickUpLines	333275706354172000	Let's play food vendor. I'll provide the hot dog you provide the buns.	Sat May 11 17:41:35 +0000 2013
FinePickUpLine	397231752928055000	Let’s play house. You be the door and I’ll slam you all night long.	Mon Nov 04 05:20:04 +0000 2013
BestPickUpIines	401095403921478000	Let’s play house. You be the door and I’ll slam you all night long.	Thu Nov 14 21:12:50 +0000 2013
FinePickUpLine	398968211498344000	Letters starts with ABC, numbers starts with 123, music starts with DO-RE-MI, love stars with YOU and ME!!	Sat Nov 09 00:20:08 +0000 2013
FinePickUpLine	399692983425302000	Liquor is not the only hard thing around here.	Mon Nov 11 00:20:07 +0000 2013
BestPickUpIines	403018145394598000	Liquor is not the only hard thing around here.	Wed Nov 20 04:33:08 +0000 2013
_BadPickUpLines	340265699350036000	Looks aren't important to me... I'm closing my eyes because you're just so darn cute.	Fri May 31 00:37:19 +0000 2013
_BadPickUpLines	329862263156666000	Lucky for you... It's free boob massage Friday!	Thu May 02 07:37:46 +0000 2013
FinePickUpLine	401032227121037000	Mario is red. Sonic is blue. Press start to join and be my player 2.	Thu Nov 14 17:01:48 +0000 2013
_BadPickUpLines	352416556539576000	Maybe we could go to the beach? I'd love to bury you in the sand.	Wed Jul 03 13:20:29 +0000 2013
PickuplinesFail	400748450889105000	Me without you is like a nerd without braces, A shoe without laces, aSentenceWithoutSpaces	Wed Nov 13 22:14:10 +0000 2013
FinePickUpLine	395299037299347000	My boys over there bet that I wouldn’t be able to start a conversation with the most beautiful girl in the room. Want to buy some drinks...	Tue Oct 29 21:20:09 +0000 2013
_BadPickUpLines	338810714997289000	My cat's dead, can I play with your pussy instead?	Mon May 27 00:15:43 +0000 2013
BestPickUpIines	396802735091507000	My dick just died. Would you mind if I buried it in you?	Sun Nov 03 00:55:18 +0000 2013
BestPickUpIines	393886973632721000	My hands are cold. Can I warm them in your heaving breasts?	Fri Oct 25 23:49:07 +0000 2013
PickuplinesFail	403964645226345000	My lenses turn dark in the sunshine of your love.	Fri Nov 22 19:14:11 +0000 2013
PickuplinesFail	401654411799581000	My love for you is like diarrhea, I just can't hold it in.	Sat Nov 16 10:14:08 +0000 2013
_BadPickUpLines	369475499799482000	My lust for you is like a runny poop. I just can't hold it in.	Mon Aug 19 15:06:38 +0000 2013
BestPickUpIines	398491804137685000	My magic watch says you don’t have any underwear on. Oh, you do? It must be 15 minutes fast.	Thu Nov 07 16:47:04 +0000 2013
BestPickUpIines	350311857342517000	My magic watch says you don’t have any underwear on. Oh, you do? It must be 15 minutes fast.	Thu Jun 27 17:57:09 +0000 2013
PickuplinesFail	404462909272908000	My name isn't Elmo, but you can tickle me any time you want to.	Sun Nov 24 04:14:06 +0000 2013
BestPickUpIines	399551581466546000	My name isn't Elmo, but you can tickle me any time you want.	Sun Nov 10 14:58:14 +0000 2013
_BadPickUpLines	395574620470124000	My penis is so pelite that it will stand up so you have a place to sit down.	Wed Oct 30 15:35:13 +0000 2013
_BadPickUpLines	369578110544392000	My penis just stopped breathing... Do you know CPR?!	Mon Aug 19 21:54:22 +0000 2013
_BadPickUpLines	351366050962620000	My sex is like my SAT's.... I never finish.	Sun Jun 30 15:46:09 +0000 2013
_BadPickUpLines	362402397651350000	Nice baby. Want another one?	Wed Jul 31 02:40:39 +0000 2013
FinePickUpLine	396069098528195000	Nice bed. Can we break it?	Fri Nov 01 00:20:06 +0000 2013
BestPickUpIines	400659510047814000	Nice bed. Can we break it?	Wed Nov 13 16:20:45 +0000 2013
_BadPickUpLines	344331579591623000	Nice to meet you. My name is Craven. Craven Moorehead.	Tue Jun 11 05:53:40 +0000 2013
_BadPickUpLines	362844859075658000	No I'm not a dentist... I said dental dam - it's different.	Thu Aug 01 07:58:50 +0000 2013
_BadPickUpLines	375493628791357000	No no no, Carlos Danger is just a nickname!	Thu Sep 05 05:40:32 +0000 2013
FinePickUpLine	393804173961331000	No wonder the sky is grey today, all the blue is in your eyes.	Fri Oct 25 18:20:06 +0000 2013
BestPickUpIines	399986463225708000	No wonder the sky is grey today, all the blue is in your eyes.	Mon Nov 11 19:46:18 +0000 2013
FinePickUpLine	404796597357531000	On a scale from 1 to 10, you’re a 9 and I’m the 1 you need.	Mon Nov 25 02:20:04 +0000 2013
FinePickUpLine	401942811022721000	On a scale from 1 to 10, you’re a 9 and I’m the 1 you need.	Sun Nov 17 05:20:08 +0000 2013
FinePickUpLine	395218873202790000	On a scale from 1 to 10, you’re a 9 and I’m the 1 you need.	Tue Oct 29 16:01:36 +0000 2013
FinePickUpLine	400417759693386000	On a scale from one to Spongebob, how ready are you?	Wed Nov 13 00:20:07 +0000 2013
BestPickUpIines	400851442581635000	On a scale from one to Spongebob, how ready are you?	Thu Nov 14 05:03:26 +0000 2013
FinePickUpLine	396733468555887000	On a scale from one to Spongebob, how ready are you? ;)	Sat Nov 02 20:20:04 +0000 2013
_BadPickUpLines	355190002029830000	Once a year don't make you queer, right?	Thu Jul 11 05:01:10 +0000 2013
FinePickUpLine	396371095273894000	Once you pop, the fun don’t stop.	Fri Nov 01 20:20:07 +0000 2013
PickuplinesFail	404553513734509000	Ouch! My tooth hurts! [Why?] Because you are soooo sweet!	Sun Nov 24 10:14:08 +0000 2013
_BadPickUpLines	353677502633345000	Periods are hot. Ever get one?	Sun Jul 07 00:51:02 +0000 2013
_BadPickUpLines	363565629506195000	Rape and surprise sex are SO close..	Sat Aug 03 07:42:55 +0000 2013
PickuplinesFail	402016799296074000	Rejection can lead to emotional stress for both parties involved and emotional stress can lead to physical complications such as headaches,	Sun Nov 17 10:14:08 +0000 2013
BestPickUpIines	403189714712539000	Roses are red, Twitter is blue. You look bangable, so I'll follow you.	Wed Nov 20 15:54:53 +0000 2013
_BadPickUpLines	339028841018319000	Roses are red, violets are blue, we're having sex, cause I'm stronger than you!	Mon May 27 14:42:29 +0000 2013
_BadPickUpLines	363321583319781000	Roses are red, violets are blue. I'm allergic to flowers, but I'd like to sleep with you.	Fri Aug 02 15:33:10 +0000 2013
_BadPickUpLines	337237487506297000	Roses are red, violets are blue... Poems are hard, and so am I.	Wed May 22 16:04:17 +0000 2013
FinePickUpLine	395581341825507000	Save a horse—ride a cowboy.	Wed Oct 30 16:01:56 +0000 2013
FinePickUpLine	399330618477396000	Save a straw, suck a dick.	Sun Nov 10 00:20:13 +0000 2013
_BadPickUpLines	385261330892333000	Screw breaking bad... If me and you had a show, it would be called breaking bed.	Wed Oct 02 04:33:53 +0000 2013
_BadPickUpLines	342730209113547000	Seamen would go lovely with that shirt!	Thu Jun 06 19:50:24 +0000 2013
FinePickUpLine	398998407739867000	Sex is a sensation caused by temptation, when a man puts his location in a woman's destination, if you want i can show you a demonstration?	Sat Nov 09 02:20:08 +0000 2013
_BadPickUpLines	365002955545526000	Sex is kinda like exercise. Sup fattie?	Wed Aug 07 06:54:20 +0000 2013
BestPickUpIines	400738963788661000	Shall we talk, Or just keep flirting from a distance?	Wed Nov 13 21:36:28 +0000 2013
FinePickUpLine	396446585699439000	Shall we talk? Or continue flirting from a distance?	Sat Nov 02 01:20:06 +0000 2013
_BadPickUpLines	378026831431369000	Since kissing is more sanitary than shaking hands (and that's a fact)... And I'm kind of a germaphobe.. So pucker up.	Thu Sep 12 05:26:34 +0000 2013
BestPickUpIines	391257251262259000	Smoking is hazardous to your health, and baby you're killing me!	Fri Oct 18 17:39:32 +0000 2013
PickuplinesFail	400657852660191000	Smoking is hazardous to your health... and baby, you're killing me!	Wed Nov 13 16:14:10 +0000 2013
FinePickUpLine	396306090964824000	So do you wanna see something really swell?	Fri Nov 01 16:01:49 +0000 2013
BestPickUpIines	400710885532262000	So do you wanna see something really swell?	Wed Nov 13 19:44:54 +0000 2013
_BadPickUpLines	332631138248045000	So I have a Klondike bar, let's conduct an experiment.	Thu May 09 23:00:18 +0000 2013
PickuplinesFail	403194564955370000	So there you are! I've been looking all over for YOU, the woman of my dreams!	Wed Nov 20 16:14:09 +0000 2013
_BadPickUpLines	344503226713919000	Some call me dynamite.... After I blow up in their face.	Tue Jun 11 17:15:44 +0000 2013
PickuplinesFail	403556946990891000	Somebody better call God, cuz heaven's missing an angel!	Thu Nov 21 16:14:08 +0000 2013
_BadPickUpLines	340934125626221000	Someone better warn Ben Franklin and his kite.... Because I'm feeling electricity between us.	Sat Jun 01 20:53:24 +0000 2013
BestPickUpIines	392041521396326000	Sorry, but you owe me a drink. [Why?] Because when I looked at you I dropped mine.	Sun Oct 20 21:35:57 +0000 2013
PickuplinesFail	400024512009617000	Sorry, but you owe me a drink. [Why?] Because when I looked at you, I dropped mine.	Mon Nov 11 22:17:30 +0000 2013
_BadPickUpLines	351789849696674000	Take me home with you. You won't enjoy it, but breakfast is great.	Mon Jul 01 19:50:10 +0000 2013
FinePickUpLine	397835731244442000	Tell me about yourself, your dreams, your ambitions, your phone number.	Tue Nov 05 21:20:04 +0000 2013
BestPickUpIines	401406229022769000	Tell me about yourself, your dreams, your ambitions, your phone number.	Fri Nov 15 17:47:57 +0000 2013
BestPickUpIines	396734121151844000	That shirt's very becoming on you. If I were on you, I'd be coming too.	Sat Nov 02 20:22:40 +0000 2013
BestPickUpIines	396770876039111000	That's a nice shirt. Can I talk you out of it?	Sat Nov 02 22:48:43 +0000 2013
FinePickUpLine	396461680345223000	That's not a candy cane in my pocket...	Sat Nov 02 02:20:05 +0000 2013
FinePickUpLine	399723179465511000	That’s weird I’ve never seen a princess out of her castle.	Mon Nov 11 02:20:07 +0000 2013
BestPickUpIines	402886447814156000	That’s weird; I’ve never seen a princess out of her castle.	Tue Nov 19 19:49:49 +0000 2013
_BadPickUpLines	328597157038944000	The difference between an election and an erection? You make one happen in my pants.	Sun Apr 28 19:50:41 +0000 2013
_BadPickUpLines	354133093248020000	The difference between your opinion and garlic bread is that i like and ask for garlic bread	Mon Jul 08 07:01:23 +0000 2013
_BadPickUpLines	339771331170161000	"The last woman I was with said, “Kiss me where it stinks.” So, I drove her to New Alabama."""	Wed May 29 15:52:52 +0000 2013
PickuplinesFail	403421052921188000	The only thing your eyes haven't told me is your name.	Thu Nov 21 07:14:08 +0000 2013
_BadPickUpLines	370300468767261000	The voices in my head told me to come say hello to you.	Wed Aug 21 21:44:46 +0000 2013
BestPickUpIines	400018901100425000	"There are 20 letters in the alphabet right? Oh, I must have forgotten U R A Q T. (You're still missing one)
I'll give you the D later."	Mon Nov 11 21:55:12 +0000 2013
BestPickUpIines	397895679617802000	There are 21 letters in the alphabet, right? Oh wait, nevermind. I missed u r a q t.	Wed Nov 06 01:18:17 +0000 2013
BestPickUpIines	351130352225501000	There are 21 letters in the alphabet, right? Oh wait, nevermind. I missed u r a q t.	Sun Jun 30 00:09:34 +0000 2013
PickuplinesFail	401065558135034000	There is something wrong with my cell phone. It doesn't have your number in it.	Thu Nov 14 19:14:15 +0000 2013
PickuplinesFail	400703166960128000	There isn't a word in the dictionary for how good you look.	Wed Nov 13 19:14:14 +0000 2013
_BadPickUpLines	331553123757879000	There may only be 7 planets after I destroy Uranus.	Mon May 06 23:36:39 +0000 2013
PickuplinesFail	402560381195153000	There must be something wrong with my eyes, I can't take them off you.	Mon Nov 18 22:14:08 +0000 2013
_BadPickUpLines	339476433879585000	There were only a few guys cuter than you in prison.	Tue May 28 20:21:03 +0000 2013
FinePickUpLine	405566675330032000	There will only be 7 planets left after I destroy Uranus.	Wed Nov 27 05:20:05 +0000 2013
FinePickUpLine	403347044841972000	There will only be 7 planets left after I destroy Uranus.	Thu Nov 21 02:20:03 +0000 2013
BestPickUpIines	397124354192212000	There will only be 7 planets left after I destroy Uranus.	Sun Nov 03 22:13:18 +0000 2013
PickuplinesFail	399615997235434000	there.	Sun Nov 10 19:14:12 +0000 2013
_BadPickUpLines	361035550687371000	There's a part of me that's got to be inside of you!	Sat Jul 27 08:09:17 +0000 2013
_BadPickUpLines	355527178332545000	Tickle tickle, here comes my pickle.	Fri Jul 12 03:20:59 +0000 2013
BestPickUpIines	389909727716844000	Twinkle twinkle little star, let's have sex inside my car.	Tue Oct 15 00:24:57 +0000 2013
_BadPickUpLines	326759317921485000	Waking up is my second hardest thing in the morning.	Tue Apr 23 18:07:46 +0000 2013
_BadPickUpLines	372445393285423000	wanna do a 68? You go down on me, and I'll owe you one.	Tue Aug 27 19:47:56 +0000 2013
BestPickUpIines	395894831341638000	Want to sit on my lap while I use the rowing machine?	Thu Oct 31 12:47:37 +0000 2013
BestPickUpIines	389611916274172000	Want to take a shower with me to conserve water?	Mon Oct 14 04:41:34 +0000 2013
FinePickUpLine	399220159732531000	Was that an earthquake or did you just rock my world?	Sat Nov 09 17:01:17 +0000 2013
BestPickUpIines	402829612817740000	Was that an earthquake or did you just rock my world?	Tue Nov 19 16:03:58 +0000 2013
PickuplinesFail	404009926517080000	Was you father an alien? Because there's nothing else like you on Earth!	Fri Nov 22 22:14:07 +0000 2013
PickuplinesFail	404327044890493000	Was your father a thief? 'Cause someone stole the stars from the sky and put them in your eyes.	Sat Nov 23 19:14:14 +0000 2013
BestPickUpIines	399657188072776000	Was your father an alien? there's nothing else like you on Earth!	Sun Nov 10 21:57:53 +0000 2013
_BadPickUpLines	397744706140246000	We must be at @tacobell, because your ass is making me mexi-melt.	Tue Nov 05 15:18:22 +0000 2013
BestPickUpIines	395163531517391000	We should train together. I've heard it's good for bone density, and I don't just mean my skeleton.	Tue Oct 29 12:21:42 +0000 2013
FinePickUpLine	399647687794246000	We’re wearing the same color shirt. We should have sex.	Sun Nov 10 21:20:08 +0000 2013
BestPickUpIines	402921796036747000	We’re wearing the same color shirt. We should have sex.	Tue Nov 19 22:10:16 +0000 2013
PickuplinesFail	405504780367585000	Well, here I am. What were your other two wishes?	Wed Nov 27 01:14:08 +0000 2013
PickuplinesFail	405595379854766000	Well, I AM telepathic, and I can tell that you love me. Right? [NO!]	Wed Nov 27 07:14:08 +0000 2013
_BadPickUpLines	366978876762620000	Were you born on a farm? You know how to raise a clock.	Mon Aug 12 17:45:57 +0000 2013
_BadPickUpLines	336174315571646000	Were you in an accident or is that face natural?	Sun May 19 17:39:37 +0000 2013
FinePickUpLine	394634636238012000	Were you raised on a farm? Cause you sure know how to raise a cock.	Mon Oct 28 01:20:03 +0000 2013
BestPickUpIines	391399156155027000	What do math and my dick have in common? They're both hard for you.	Sat Oct 19 03:03:25 +0000 2013
BestPickUpIines	400010553898598000	What has 148 teeth and holds back the incredible hulk? My Zipper.	Mon Nov 11 21:22:02 +0000 2013
PickuplinesFail	404055232512287000	What time do you have to be back in heaven?	Sat Nov 23 01:14:09 +0000 2013
BestPickUpIines	399412566041981000	What time do you have to be back in heaven?	Sun Nov 10 05:45:51 +0000 2013
_BadPickUpLines	342412054117876000	What time should I come over? Maybe sex o'clock?	Wed Jun 05 22:46:10 +0000 2013
FinePickUpLine	396793865476506000	What would you do if I kissed you right now?	Sun Nov 03 00:20:04 +0000 2013
_BadPickUpLines	387967291818004000	What's a bad girl like you doing in a nice place like this?	Wed Oct 09 15:46:25 +0000 2013
_BadPickUpLines	336389972196209000	What's for breakfast?	Mon May 20 07:56:33 +0000 2013
_BadPickUpLines	359039215637512000	What's longer... The hair up top or down low?	Sun Jul 21 19:56:34 +0000 2013
BestPickUpIines	403352624361001000	What's the difference between a Ferrari and an erection? I don't have a Ferrari.	Thu Nov 21 02:42:14 +0000 2013
BestPickUpIines	389854907375030000	What's the difference in a Cadillac and a boner? I don't have a Cadillac.	Mon Oct 14 20:47:07 +0000 2013
BestPickUpIines	397439279372435000	What's the speed limit of sex? [what?] 68. At 69 you have to turn around!	Mon Nov 04 19:04:42 +0000 2013
PickuplinesFail	404780006783844000	When God made you, he was showing off.	Mon Nov 25 01:14:08 +0000 2013
PickuplinesFail	400839038061806000	When I'm older, I'll look back at all of my crowning memories, and I'll think of the day the day that I met you.	Thu Nov 14 04:14:08 +0000 2013
BestPickUpIines	350686350598615000	When’s our wedding date?	Fri Jun 28 18:45:16 +0000 2013
FinePickUpLine	395042325069857000	Whoever said Disney was the happiest place on earth hasn’t been in your pants.	Tue Oct 29 04:20:04 +0000 2013
_BadPickUpLines	369231208623772000	Why go for the best, when you can have the rest?	Sun Aug 18 22:55:54 +0000 2013
FinePickUpLine	396808976039682000	Will you be mine?	Sun Nov 03 01:20:06 +0000 2013
FinePickUpLine	400855637888094000	With school, I just want an A. With you I just wanna F.	Thu Nov 14 05:20:06 +0000 2013
_BadPickUpLines	379835344419824000	Word of the night is legs. Lets go back to your place and spread the word.	Tue Sep 17 05:12:57 +0000 2013
PickuplinesFail	401926209988473000	Would you grab my arm so I can tell my friends I've been touched by an angel?	Sun Nov 17 04:14:10 +0000 2013
PickuplinesFail	404145825351492000	Wouldn't we look cute on a wedding cake together?	Sat Nov 23 07:14:08 +0000 2013
FinePickUpLine	396340894582178000	Wow, the world must have ended, cause baby, I'm in heaven.	Fri Nov 01 18:20:07 +0000 2013
PickuplinesFail	402152701959877000	You are like a candy bar: half sweet and half nuts.	Sun Nov 17 19:14:10 +0000 2013
_BadPickUpLines	326448675574403000	You are miss vacuum right? You suck, blow, and like getting laid in closets.	Mon Apr 22 21:33:24 +0000 2013
PickuplinesFail	402605674921992000	You are so fine, I wish I could plant you and grow a whole field of you!	Tue Nov 19 01:14:07 +0000 2013
BestPickUpIines	397472822064595000	You are so selfish! You're going to have that body the rest of your life and I just want it for one night.	Mon Nov 04 21:18:00 +0000 2013
BestPickUpIines	394554326045438000	You are so sweet that you could put Hershey’s out of business.	Sun Oct 27 20:00:56 +0000 2013
_BadPickUpLines	337088900105376000	You aren't studying for finals? I'll give you the D before the professor does.	Wed May 22 06:13:51 +0000 2013
_BadPickUpLines	334554331292520000	You be Burger King and I'll be McDonald's. We can have it your way, and I'll be loving it.	Wed May 15 06:22:22 +0000 2013
PickuplinesFail	404508205373718000	You be the Dairy Queen and I'll be your Burger King: You treat me right, and I'll do it your way.	Sun Nov 24 07:14:06 +0000 2013
_BadPickUpLines	340519983383724000	You can call me the fireman, I'm good with the hoes.	Fri May 31 17:27:45 +0000 2013
FinePickUpLine	394131580517888000	"You can fall from the sky

You can fall from a tree

But the best way to fall

Is into my pants."	Sat Oct 26 16:01:06 +0000 2013
_BadPickUpLines	360653235616350000	You can take me home.... Or I can follow you home.	Fri Jul 26 06:50:06 +0000 2013
_BadPickUpLines	343773967607280000	You could call my dick the Titanic, because it's going to go down on you.	Sun Jun 09 16:57:55 +0000 2013
FinePickUpLine	397881036233003000	You give a whole new meaning to the word ‘edible.’	Wed Nov 06 00:20:05 +0000 2013
BestPickUpIines	401460173874946000	You give a whole new meaning to the word ‘edible.’	Fri Nov 15 21:22:18 +0000 2013
_BadPickUpLines	335101783699513000	You have a clothes hanger? I like my eggs scrambled.	Thu May 16 18:37:45 +0000 2013
PickuplinesFail	404417613318869000	You know how they say skin is the largest organ on the human body? Not in my case.	Sun Nov 24 01:14:07 +0000 2013
FinePickUpLine	397594166664114000	You know how your hair would look good? In my lap.	Tue Nov 05 05:20:10 +0000 2013
BestPickUpIines	401499486872429000	You know how your hair would look good? In my lap.	Fri Nov 15 23:58:31 +0000 2013
BestPickUpIines	392319757426254000	You know I'd like to invite you over, but I'm afraid you're so hot that you'll skyrocket my air-conditioning bill.	Mon Oct 21 16:01:33 +0000 2013
_BadPickUpLines	335673343627915000	You know karate? Maybe if you kick me in the face you'll be better looking.	Sat May 18 08:28:56 +0000 2013
BestPickUpIines	393107071698477000	You know what I like in a girl? My dick.	Wed Oct 23 20:10:04 +0000 2013
PickuplinesFail	400521951783186000	You know you're in love when you can't fall asleep because reality is finally better than your dreams.	Wed Nov 13 07:14:09 +0000 2013
PickuplinesFail	402968078612693000	You know, Dr. Phil says I'm afraid of commitment...Want to help prove him wrong?	Wed Nov 20 01:14:11 +0000 2013
_BadPickUpLines	403950024335561000	You like KFC? I'd love to give you my secret blend of herbs and spices.	Fri Nov 22 18:16:05 +0000 2013
FinePickUpLine	404479519916315000	You like sleep? So do I. Let’s do it together.	Sun Nov 24 05:20:07 +0000 2013
FinePickUpLine	395253729093747000	You like sleep? So do I. Let’s do it together.	Tue Oct 29 18:20:07 +0000 2013
PickuplinesFail	401246725392040000	You look beautiful today, just like every other day.	Fri Nov 15 07:14:08 +0000 2013
PickuplinesFail	400068968398221000	You look cold. Want to use me as a blanket?	Tue Nov 12 01:14:09 +0000 2013
BestPickUpIines	391334595192300000	You look cold. Want to use me as a blanket?	Fri Oct 18 22:46:52 +0000 2013
_BadPickUpLines	370607590989779000	You look like the kind of chick that could take a dick. NO, it's not weird cause it rhymed..	Thu Aug 22 18:05:09 +0000 2013
_BadPickUpLines	348280914779980000	You look like you could use another drink... On second thought, maybe I'll need two more.	Sat Jun 22 03:26:55 +0000 2013
PickuplinesFail	401156143214768000	You must be a hell of a thief because you stole my heart from across the room.	Fri Nov 15 01:14:12 +0000 2013
BestPickUpIines	398250771982352000	You must be a magician, because every time I look at you everyone else disappears.	Thu Nov 07 00:49:17 +0000 2013
BestPickUpIines	349641925025993000	You must be a magician, because every time I look at you, everyone else disappears.	Tue Jun 25 21:35:05 +0000 2013
_BadPickUpLines	332225856946704000	You must be a pancake, because you are incredibly flat.	Wed May 08 20:09:51 +0000 2013
BestPickUpIines	399382819773764000	You must be a Snickers because you definitely satisfy me.	Sun Nov 10 03:47:39 +0000 2013
PickuplinesFail	404825310048584000	You must be a Snickers, because you satisfy me.	Mon Nov 25 04:14:09 +0000 2013
_BadPickUpLines	335862341713404000	You must be a timer because you are ticking me off.	Sat May 18 20:59:56 +0000 2013
_BadPickUpLines	328122903927337000	You must be an A.C.T. because I wanna do you all morning.	Sat Apr 27 12:26:11 +0000 2013
_BadPickUpLines	385522229939044000	You must be an Instagram picture, because I'd like to double tap that,	Wed Oct 02 21:50:36 +0000 2013
PickuplinesFail	404644108704416000	You must be from Pearl Harbor, because baby, you're the bomb.	Sun Nov 24 16:14:08 +0000 2013
PickuplinesFail	404689413441352000	You must be Jamaican, because Jamaican me crazy.	Sun Nov 24 19:14:09 +0000 2013
_BadPickUpLines	402916891284341000	You must be trash, because I want to take you out.	Tue Nov 19 21:50:47 +0000 2013
_BadPickUpLines	334740073985745000	You must be Whiz Khalifa, because your body is smoking.	Wed May 15 18:40:27 +0000 2013
_BadPickUpLines	342014452989821000	You must have been a Boy Scout because you have my heart tied in a knot.	Tue Jun 04 20:26:14 +0000 2013
PickuplinesFail	403511652131570000	you notice that I noticed you too.	Thu Nov 21 13:14:09 +0000 2013
_BadPickUpLines	392170990392062000	You owe me a drink. I dropped mine when I looked at you.	Mon Oct 21 06:10:24 +0000 2013
_BadPickUpLines	326563586468086000	You remind me of a big fish. I'm not sure if  I should mount or eat you.	Tue Apr 23 05:10:00 +0000 2013
_BadPickUpLines	391452557857788000	You remind me of a magnet cause you are so attractive.	Sat Oct 19 06:35:37 +0000 2013
PickuplinesFail	405142395123413000	You remind me of a magnet, because you sure are attracting me over here!	Tue Nov 26 01:14:08 +0000 2013
PickuplinesFail	403330472308007000	You see my friend over there? [Point to friend] He wants to know if	Thu Nov 21 01:14:12 +0000 2013
BestPickUpIines	403247338783007000	You shouldn't wear makeup; it's messing with perfection.	Wed Nov 20 19:43:52 +0000 2013
BestPickUpIines	391727913542119000	You shouldn't wear makeup; it's messing with perfection.	Sun Oct 20 00:49:47 +0000 2013
PickuplinesFail	400386067188449000	You shouldn't wear makeup. It's messing with perfection!	Tue Nov 12 22:14:11 +0000 2013
_BadPickUpLines	345218905339482000	You smell like trash, may I take you out?	Thu Jun 13 16:39:35 +0000 2013
PickuplinesFail	403375814609097000	YOU think I'M cute.	Thu Nov 21 04:14:23 +0000 2013
PickuplinesFail	399933064903918000	you, I'd have five cents.	Mon Nov 11 16:14:07 +0000 2013
PickuplinesFail	399842483263525000	You'd better direct that beauty somewhere else, you'll set the carpet on fire.	Mon Nov 11 10:14:11 +0000 2013
BestPickUpIines	392067267405431000	You'd better take that hotness somewhere else, you'll set the carpet on fire.	Sun Oct 20 23:18:15 +0000 2013
_BadPickUpLines	386138147526308000	You're almost as pretty as your sister.	Fri Oct 04 14:38:03 +0000 2013
BestPickUpIines	405026457535394000	You're hotter than a bunsen burner set to full power.	Mon Nov 25 17:33:27 +0000 2013
PickuplinesFail	405006517017248000	You're like a dictionary, you add meaning to my life!	Mon Nov 25 16:14:12 +0000 2013
BestPickUpIines	350072878919713000	You're like a dictionary, you add meaning to my life!	Thu Jun 27 02:07:33 +0000 2013
BestPickUpIines	398279656623051000	You're like a dictionary, you add meaning to my life.	Thu Nov 07 02:44:04 +0000 2013
_BadPickUpLines	328744079175320000	You're like an itchy rash. You're hotness spreads.	Mon Apr 29 05:34:30 +0000 2013
FinePickUpLine	393109611496358000	You're like my little toe, because I'm going to bang you on every piece of furniture in my home.	Wed Oct 23 20:20:09 +0000 2013
BestPickUpIines	396686765589012000	You're like my little toe, because I'm going to bang you on every piece of furniture in my home.	Sat Nov 02 17:14:29 +0000 2013
_BadPickUpLines	371531718039069000	You're like my toe, because I'm going to bang you on every piece of furniture in my home.	Sun Aug 25 07:17:18 +0000 2013
_BadPickUpLines	335271659705618000	You're missing teeth? More tongue room.	Fri May 17 05:52:47 +0000 2013
_BadPickUpLines	339106859812266000	You're no good in school? What's one more D then?	Mon May 27 19:52:30 +0000 2013
_BadPickUpLines	382695749005619000	You're smelly. Let me be your fabreeze.	Wed Sep 25 02:39:11 +0000 2013
PickuplinesFail	400340788271653000	You're so beautiful that you made me forget my pickup line.	Tue Nov 12 19:14:16 +0000 2013
BestPickUpIines	391977958224585000	You're so fine that I forgot my line.	Sun Oct 20 17:23:22 +0000 2013
FinePickUpLine	397911296504766000	You’re cute. What’s your name?	Wed Nov 06 02:20:20 +0000 2013
FinePickUpLine	400734841110806000	You’re gorgeous, but you’d look better with me.	Wed Nov 13 21:20:06 +0000 2013
FinePickUpLine	401218039599075000	You’re hotter than Papa Bear’s porridge	Fri Nov 15 05:20:09 +0000 2013
FinePickUpLine	399406088778707000	You’re hotter than Papa Bear’s porridge	Sun Nov 10 05:20:06 +0000 2013
BestPickUpIines	402863635061801000	You’re hotter than Papa Bear’s porridge.	Tue Nov 19 18:19:10 +0000 2013
BestPickUpIines	388761871471624000	You’re like an electric blanket; you warm me up in all the right places.	Fri Oct 11 20:23:47 +0000 2013
FinePickUpLine	400085566060257000	You’re my biggest weakness.	Tue Nov 12 02:20:06 +0000 2013
FinePickUpLine	400447950352310000	You’re single. I’m single. Coincidence? I think not.	Wed Nov 13 02:20:05 +0000 2013
BestPickUpIines	400258963364913000	You’re the kind of person I can see myself surviving a zombie apocalypse with.	Tue Nov 12 13:49:07 +0000 2013
BestPickUpIines	394941959170949000	Your body is a wonderland and I'd like to be Alice.	Mon Oct 28 21:41:15 +0000 2013
FinePickUpLine	393230387142730000	Your body is like a speeding ticket in a construction zone... DOUBLE FINE!	Thu Oct 24 04:20:04 +0000 2013
BestPickUpIines	392704343369347000	Your body is like a speeding ticket in a construction zone... DOUBLE FINE!	Tue Oct 22 17:29:46 +0000 2013
FinePickUpLine	401394288992715000	Your daddy must be a drug dealer, cuz you're dope.	Fri Nov 15 17:00:30 +0000 2013
FinePickUpLine	399285299622461000	Your daddy must be a drug dealer, cuz you're dope.	Sat Nov 09 21:20:08 +0000 2013
BestPickUpIines	402570956347945000	Your daddy must be a drug dealer, cuz you're dope.	Mon Nov 18 22:56:10 +0000 2013
PickuplinesFail	404191129874477000	Your daddy must have been a baker, because you've got a nice set of buns.	Sat Nov 23 10:14:09 +0000 2013
PickuplinesFail	404372317608088000	Your eyes are blue, like the ocean. And baby, I'm lost at sea.	Sat Nov 23 22:14:08 +0000 2013
BestPickUpIines	398981717412688000	Your face… I like that shit.	Sat Nov 09 01:13:48 +0000 2013
PickuplinesFail	404236422187852000	Your legs must be tired because you've been running through my mind all night.	Sat Nov 23 13:14:08 +0000 2013
PickuplinesFail	403013355340071000	Your lips look so lonely.... Would they like to meet mine?	Wed Nov 20 04:14:06 +0000 2013
